Premium_Low_Risk,Premium_Medium_Risk,Premium_High_Risk,Premium_Very_High_Risk,,,Column,Average,
223,328,380,74,,,Premium_Low_Risk,142,
214,271,394,71,,,Premium_Medium_Risk,309,
215,442,394,69,,,Premium_High_Risk,323,
217,315,395,75,,,Premium_Very_High_Risk,79,
214,308,251,75,,,,,
216,334,258,75,,,Comparison,Average difference,
117,299,259,77,,,High vs Low,181,
118,299,336,78,,,High vs Medium,14,
119,443,346,57,,,High vs Very High,244,
80,301,342,58,,,Low vs Medium,-167,
81,307,249,58,,,Low vs Very High,63,
125,308,257,57,,,Medium vs Very High,230,
128,361,255,57,,,,,
129,365,461,57,,,,,
70,291,466,58,,,,,
72,291,459,58,,,,,
70,362,347,88,,,,,
185,329,387,91,,,,,
91,332,391,83,,,,,
91,501,350,84,,,,,
392,246,328,80,,,,,
392,246,324,58,,,,,
394,249,346,59,,,,,
114,336,357,59,,,,,
117,340,275,75,,,,,
206,283,270,57,,,,,
207,315,270,57,,,,,
110,343,432,58,,,,,
111,215,445,63,,,,,
112,284,323,63,,,,,
102,284,334,62,,,,,
233,195,334,62,,,,,
123,191,319,62,,,,,
125,150,571,91,,,,,
97,274,236,91,,,,,
128,232,237,60,,,,,
120,334,249,60,,,,,
120,335,292,62,,,,,
117,255,277,57,,,,,
155,243,242,58,,,,,
161,244,244,58,,,,,
154,236,232,75,,,,,
127,369,153,76,,,,,
127,489,158,77,,,,,
102,491,166,58,,,,,
102,496,264,59,,,,,
104,263,462,59,,,,,
50,267,472,57,,,,,
51,292,776,58,,,,,
51,292,286,58,,,,,
50,293,340,75,,,,,
51,230,343,81,,,,,
51,254,265,82,,,,,
41,254,297,62,,,,,
42,255,310,62,,,,,
42,280,302,62,,,,,
119,303,311,75,,,,,
121,291,262,90,,,,,
121,238,274,91,,,,,
132,242,292,57,,,,,
134,221,377,57,,,,,
137,224,175,63,,,,,
138,275,236,64,,,,,
135,288,253,65,,,,,
110,238,275,63,,,,,
148,302,409,72,,,,,
149,307,284,64,,,,,
115,255,292,64,,,,,
117,403,323,99,,,,,
118,676,326,99,,,,,
97,894,321,100,,,,,
46,223,322,77,,,,,
47,215,332,73,,,,,
48,219,333,75,,,,,
234,298,469,75,,,,,
291,307,272,57,,,,,
133,310,280,57,,,,,
133,214,277,54,,,,,
187,217,257,54,,,,,
302,218,260,57,,,,,
302,322,222,58,,,,,
304,311,234,58,,,,,
158,313,236,75,,,,,
149,374,537,76,,,,,
142,357,479,77,,,,,
144,311,222,57,,,,,
151,57,240,58,,,,,
152,58,219,58,,,,,
153,375,214,65,,,,,
100,379,222,58,,,,,
101,269,220,59,,,,,
103,270,226,60,,,,,
145,277,1420,87,,,,,
146,282,1404,88,,,,,
111,294,314,83,,,,,
112,319,246,84,,,,,
189,351,232,81,,,,,
168,204,219,73,,,,,
49,204,223,76,,,,,
50,185,318,75,,,,,
50,185,211,75,,,,,
127,186,205,76,,,,,
260,317,205,76,,,,,
260,242,231,77,,,,,
261,243,235,78,,,,,
112,330,226,72,,,,,
149,330,568,72,,,,,
151,393,292,72,,,,,
123,395,269,55,,,,,
125,253,291,55,,,,,
198,451,397,63,,,,,
63,453,407,63,,,,,
152,411,409,63,,,,,
88,404,192,88,,,,,
89,203,199,84,,,,,
90,361,205,88,,,,,
99,361,457,89,,,,,
100,378,296,82,,,,,
111,477,404,78,,,,,
42,323,170,79,,,,,
42,309,195,81,,,,,
43,312,214,79,,,,,
99,258,228,81,,,,,
125,262,234,75,,,,,
192,265,231,76,,,,,
110,297,207,74,,,,,
114,281,208,74,,,,,
115,297,337,74,,,,,
44,496,289,84,,,,,
114,499,216,84,,,,,
101,323,219,85,,,,,
110,317,227,81,,,,,
146,319,215,82,,,,,
146,261,600,91,,,,,
146,242,600,92,,,,,
148,321,577,93,,,,,
141,323,320,66,,,,,
265,326,303,67,,,,,
258,282,304,88,,,,,
121,345,328,89,,,,,
121,221,288,91,,,,,
160,277,242,92,,,,,
160,278,252,92,,,,,
159,211,411,90,,,,,
118,208,313,88,,,,,
118,203,279,81,,,,,
135,216,281,87,,,,,
135,244,294,87,,,,,
131,436,205,87,,,,,
187,255,260,89,,,,,
190,46,268,89,,,,,
192,217,268,82,,,,,
112,224,411,84,,,,,
113,234,471,84,,,,,
115,235,287,75,,,,,
116,282,522,75,,,,,
45,306,522,72,,,,,
123,321,433,87,,,,,
183,727,281,95,,,,,
183,637,240,90,,,,,
172,572,263,91,,,,,
174,269,244,94,,,,,
44,382,365,96,,,,,
45,414,376,87,,,,,
45,242,272,88,,,,,
43,269,272,75,,,,,
43,272,464,76,,,,,
43,363,488,77,,,,,
43,366,512,72,,,,,
43,368,359,72,,,,,
43,311,235,98,,,,,
43,312,217,99,,,,,
44,60,217,93,,,,,
41,244,227,80,,,,,
43,248,245,75,,,,,
42,248,232,76,,,,,
43,370,229,75,,,,,
41,370,294,78,,,,,
41,372,296,79,,,,,
41,240,297,81,,,,,
40,343,266,75,,,,,
41,344,274,90,,,,,
41,118,270,92,,,,,
40,347,223,93,,,,,
40,289,224,72,,,,,
41,254,286,72,,,,,
108,184,338,70,,,,,
109,167,183,71,,,,,
114,167,275,63,,,,,
226,268,275,64,,,,,
191,270,252,64,,,,,
177,275,284,89,,,,,
44,320,311,90,,,,,
44,269,325,96,,,,,
45,266,247,91,,,,,
44,269,311,92,,,,,
45,360,313,87,,,,,
45,332,264,88,,,,,
44,337,338,89,,,,,
44,338,439,90,,,,,
45,396,482,91,,,,,
44,396,324,87,,,,,
44,365,268,87,,,,,
45,300,254,81,,,,,
113,295,272,68,,,,,
116,297,273,68,,,,,
112,300,266,69,,,,,
102,263,283,82,,,,,
103,263,350,83,,,,,
103,264,250,84,,,,,
40,373,250,83,,,,,
41,376,259,86,,,,,
40,85,347,87,,,,,
114,416,242,90,,,,,
115,412,230,91,,,,,
117,304,298,92,,,,,
41,314,305,87,,,,,
42,318,284,88,,,,,
42,336,300,79,,,,,
179,372,310,80,,,,,
180,374,299,81,,,,,
184,237,405,78,,,,,
41,223,464,79,,,,,
41,224,334,80,,,,,
41,197,303,98,,,,,
41,198,288,99,,,,,
40,263,261,100,,,,,
44,248,292,88,,,,,
45,217,297,88,,,,,
45,219,294,89,,,,,
43,220,359,90,,,,,
43,232,361,91,,,,,
43,228,319,85,,,,,
40,229,357,85,,,,,
41,409,332,85,,,,,
41,403,181,90,,,,,
115,375,188,88,,,,,
117,372,260,91,,,,,
41,378,264,91,,,,,
44,380,266,92,,,,,
45,321,481,64,,,,,
45,347,234,65,,,,,
44,350,238,80,,,,,
45,203,199,80,,,,,
45,207,195,81,,,,,
42,313,196,95,,,,,
43,324,220,97,,,,,
43,324,221,90,,,,,
166,326,213,49,,,,,
169,285,192,47,,,,,
169,287,391,47,,,,,
44,287,397,81,,,,,
45,534,399,82,,,,,
45,542,480,83,,,,,
44,371,219,72,,,,,
45,371,219,67,,,,,
45,372,218,65,,,,,
42,290,225,75,,,,,
42,255,226,76,,,,,
42,255,230,86,,,,,
41,256,238,80,,,,,
42,400,230,80,,,,,
42,365,191,64,,,,,
236,370,190,65,,,,,
110,342,190,65,,,,,
110,344,191,70,,,,,
42,346,275,70,,,,,
42,328,279,71,,,,,
43,330,275,58,,,,,
41,245,1066,59,,,,,
122,247,1327,66,,,,,
124,249,390,62,,,,,
125,322,390,63,,,,,
44,325,384,62,,,,,
45,316,279,64,,,,,
45,243,289,64,,,,,
157,238,291,70,,,,,
124,245,397,66,,,,,
127,239,324,64,,,,,
128,369,329,96,,,,,
111,372,329,96,,,,,
134,374,224,97,,,,,
135,353,233,81,,,,,
44,380,231,99,,,,,
44,382,285,99,,,,,
45,386,291,100,,,,,
41,302,290,78,,,,,
42,302,211,80,,,,,
42,308,211,80,,,,,
41,201,315,90,,,,,
41,206,251,79,,,,,
44,208,259,79,,,,,
45,296,261,80,,,,,
45,242,263,64,,,,,
41,243,238,63,,,,,
113,247,231,63,,,,,
115,236,232,56,,,,,
44,238,231,61,,,,,
41,239,231,62,,,,,
41,238,330,75,,,,,
44,231,203,77,,,,,
41,225,209,78,,,,,
41,245,209,76,,,,,
40,248,335,77,,,,,
41,248,251,77,,,,,
450,237,347,101,,,,,
455,277,330,96,,,,,
121,322,326,97,,,,,
122,188,307,75,,,,,
110,304,317,76,,,,,
41,221,316,77,,,,,
42,242,221,91,,,,,
44,244,377,94,,,,,
44,271,377,94,,,,,
44,258,303,99,,,,,
97,245,280,99,,,,,
98,247,284,99,,,,,
159,289,290,63,,,,,
151,292,299,90,,,,,
41,302,263,76,,,,,
41,305,265,77,,,,,
41,328,265,77,,,,,
42,135,262,72,,,,,
114,233,224,70,,,,,
115,234,224,71,,,,,
41,235,226,69,,,,,
44,238,319,69,,,,,
45,240,374,74,,,,,
45,276,224,74,,,,,
185,276,230,75,,,,,
187,211,227,86,,,,,
107,220,350,86,,,,,
107,277,350,87,,,,,
102,277,347,90,,,,,
41,275,95,90,,,,,
41,441,246,91,,,,,
41,509,244,88,,,,,
100,353,300,87,,,,,
101,355,309,88,,,,,
99,357,304,88,,,,,
112,304,378,92,,,,,
48,305,386,92,,,,,
49,307,234,92,,,,,
50,443,212,75,,,,,
118,448,218,77,,,,,
120,374,229,77,,,,,
121,471,237,89,,,,,
214,248,242,89,,,,,
217,247,255,89,,,,,
219,230,255,78,,,,,
42,360,259,79,,,,,
43,331,250,80,,,,,
43,207,260,79,,,,,
344,208,201,79,,,,,
98,210,268,81,,,,,
44,224,418,76,,,,,
45,219,446,77,,,,,
45,220,481,77,,,,,
87,222,286,75,,,,,
93,181,286,78,,,,,
102,181,283,79,,,,,
122,161,314,75,,,,,
123,242,232,76,,,,,
85,318,408,76,,,,,
86,349,418,87,,,,,
42,351,420,57,,,,,
157,353,290,57,,,,,
158,294,296,58,,,,,
161,228,306,82,,,,,
40,220,234,84,,,,,
40,222,242,84,,,,,
42,60,242,87,,,,,
42,230,42,88,,,,,
43,378,210,83,,,,,
41,349,275,85,,,,,
42,350,301,85,,,,,
42,440,311,90,,,,,
46,208,380,87,,,,,
47,212,379,86,,,,,
47,213,381,79,,,,,
52,313,242,79,,,,,
52,217,232,80,,,,,
147,248,252,75,,,,,
44,382,74,76,,,,,
45,510,280,77,,,,,
45,295,288,57,,,,,
177,281,277,57,,,,,
148,284,280,57,,,,,
155,328,275,78,,,,,
145,332,202,79,,,,,
40,453,199,80,,,,,
40,282,235,70,,,,,
40,366,221,71,,,,,
41,366,222,72,,,,,
133,372,194,78,,,,,
137,318,195,74,,,,,
106,320,219,75,,,,,
107,262,213,91,,,,,
44,338,246,91,,,,,
44,344,562,92,,,,,
40,344,259,89,,,,,
114,349,267,89,,,,,
116,207,268,90,,,,,
109,211,247,75,,,,,
133,265,235,71,,,,,
134,268,304,71,,,,,
53,271,306,98,,,,,
54,270,303,98,,,,,
58,272,215,99,,,,,
114,274,219,98,,,,,
41,332,217,93,,,,,
41,335,327,93,,,,,
42,339,335,93,,,,,
42,280,307,72,,,,,
97,260,246,72,,,,,
42,261,260,73,,,,,
43,461,250,107,,,,,
44,323,296,108,,,,,
41,325,260,109,,,,,
43,330,260,77,,,,,
42,740,260,77,,,,,
42,235,269,99,,,,,
43,238,293,104,,,,,
43,335,301,104,,,,,
44,344,301,87,,,,,
43,262,330,88,,,,,
44,262,337,73,,,,,
44,184,225,74,,,,,
43,185,225,75,,,,,
44,248,219,79,,,,,
44,251,377,81,,,,,
59,244,392,82,,,,,
86,307,392,67,,,,,
87,295,264,68,,,,,
87,276,251,125,,,,,
191,330,248,126,,,,,
193,320,317,52,,,,,
194,322,322,52,,,,,
41,194,229,99,,,,,
42,359,230,101,,,,,
42,342,237,102,,,,,
40,346,233,68,,,,,
41,379,402,69,,,,,
46,384,414,90,,,,,
47,253,306,87,,,,,
47,395,312,88,,,,,
42,74,246,89,,,,,
44,424,253,88,,,,,
91,439,253,89,,,,,
93,441,292,83,,,,,
94,336,310,84,,,,,
97,338,376,85,,,,,
108,506,376,78,,,,,
110,511,469,79,,,,,
111,93,452,79,,,,,
111,358,322,98,,,,,
112,360,281,99,,,,,
43,362,283,99,,,,,
44,322,407,73,,,,,
61,306,408,61,,,,,
76,307,232,62,,,,,
44,608,236,91,,,,,
45,617,261,90,,,,,
42,464,234,90,,,,,
42,544,234,75,,,,,
42,225,236,87,,,,,
42,229,314,89,,,,,
42,232,302,91,,,,,
42,280,297,87,,,,,
42,265,173,87,,,,,
95,266,178,88,,,,,
96,198,265,98,,,,,
41,370,265,107,,,,,
41,370,266,117,,,,,
41,371,302,89,,,,,
44,127,454,89,,,,,
45,381,497,73,,,,,
41,364,528,74,,,,,
42,364,514,74,,,,,
42,538,438,74,,,,,
94,541,415,75,,,,,
94,300,417,76,,,,,
142,295,265,59,,,,,
140,295,270,59,,,,,
44,376,237,60,,,,,
44,378,237,62,,,,,
45,382,238,63,,,,,
44,186,253,78,,,,,
41,187,253,79,,,,,
41,189,276,80,,,,,
42,335,267,84,,,,,
42,278,250,86,,,,,
42,269,192,87,,,,,
40,271,241,98,,,,,
50,348,262,99,,,,,
128,349,279,100,,,,,
129,548,384,91,,,,,
130,551,244,92,,,,,
98,603,233,92,,,,,
98,265,184,63,,,,,
158,266,273,64,,,,,
160,270,459,64,,,,,
151,360,450,76,,,,,
146,324,335,77,,,,,
147,325,339,87,,,,,
57,338,390,88,,,,,
187,343,226,96,,,,,
189,344,217,96,,,,,
191,726,200,84,,,,,
101,781,201,85,,,,,
103,781,194,82,,,,,
104,372,189,74,,,,,
41,374,185,75,,,,,
68,256,201,75,,,,,
122,329,201,119,,,,,
44,314,363,87,,,,,
45,314,340,88,,,,,
41,295,327,90,,,,,
41,323,223,63,,,,,
41,321,224,64,,,,,
41,321,224,64,,,,,
41,327,341,125,,,,,
40,298,347,62,,,,,
43,301,344,63,,,,,
44,192,253,64,,,,,
44,194,256,62,,,,,
59,253,450,63,,,,,
80,206,199,52,,,,,
146,300,243,54,,,,,
146,301,220,54,,,,,
139,303,215,72,,,,,
182,259,216,72,,,,,
42,242,115,74,,,,,
42,245,229,92,,,,,
43,187,193,92,,,,,
40,215,199,93,,,,,
41,217,196,84,,,,,
54,348,194,97,,,,,
54,263,174,98,,,,,
55,316,165,91,,,,,
93,406,161,91,,,,,
95,223,316,93,,,,,
96,224,220,120,,,,,
40,228,223,122,,,,,
44,276,240,123,,,,,
45,410,249,84,,,,,
45,276,238,81,,,,,
265,306,245,83,,,,,
339,378,224,83,,,,,
42,355,295,58,,,,,
42,356,295,58,,,,,
42,854,296,125,,,,,
44,289,226,126,,,,,
44,296,217,127,,,,,
45,292,215,61,,,,,
43,294,156,90,,,,,
41,322,267,73,,,,,
41,325,272,73,,,,,
115,354,236,74,,,,,
118,387,282,100,,,,,
119,206,291,101,,,,,
135,159,237,102,,,,,
146,305,244,72,,,,,
159,405,199,72,,,,,
120,409,200,52,,,,,
120,293,315,53,,,,,
42,475,270,47,,,,,
121,319,271,76,,,,,
115,305,271,79,,,,,
116,238,258,79,,,,,
42,239,267,90,,,,,
42,239,267,57,,,,,
42,296,298,57,,,,,
42,296,272,71,,,,,
42,296,292,89,,,,,
42,489,302,91,,,,,
136,178,237,92,,,,,
137,178,238,93,,,,,
138,252,238,75,,,,,
44,234,187,76,,,,,
44,273,281,76,,,,,
45,277,211,87,,,,,
41,280,264,84,,,,,
40,281,534,90,,,,,
44,322,419,91,,,,,
45,190,206,92,,,,,
45,224,147,81,,,,,
42,289,62,84,,,,,
43,416,219,89,,,,,
43,416,361,87,,,,,
125,410,374,90,,,,,
129,317,375,91,,,,,
122,317,325,79,,,,,
41,318,336,81,,,,,
42,260,276,81,,,,,
42,262,456,72,,,,,
52,264,463,71,,,,,
54,396,275,69,,,,,
54,519,778,68,,,,,
55,195,354,68,,,,,
41,153,357,70,,,,,
41,154,350,70,,,,,
82,361,345,72,,,,,
53,362,298,87,,,,,
54,361,321,86,,,,,
55,291,68,87,,,,,
169,233,240,89,,,,,
127,233,369,89,,,,,
41,161,512,89,,,,,
163,373,515,84,,,,,
166,376,219,90,,,,,
167,378,385,90,,,,,
44,327,297,90,,,,,
44,254,347,75,,,,,
45,257,196,76,,,,,
41,218,215,77,,,,,
44,220,222,86,,,,,
43,232,299,84,,,,,
40,234,308,84,,,,,
41,372,319,74,,,,,
41,256,264,71,,,,,
41,259,257,72,,,,,
107,210,258,95,,,,,
108,273,309,96,,,,,
104,321,281,74,,,,,
104,312,279,74,,,,,
106,298,366,74,,,,,
228,282,215,72,,,,,
207,300,218,68,,,,,
120,303,219,68,,,,,
150,316,226,57,,,,,
152,318,282,58,,,,,
43,320,295,58,,,,,
43,214,298,87,,,,,
99,291,56,89,,,,,
120,299,317,92,,,,,
127,299,325,92,,,,,
129,281,260,93,,,,,
155,357,407,89,,,,,
157,374,401,90,,,,,
107,300,199,90,,,,,
106,295,205,100,,,,,
115,770,192,87,,,,,
111,317,245,87,,,,,
111,317,243,98,,,,,
108,322,280,98,,,,,
110,348,306,99,,,,,
111,116,320,66,,,,,
110,455,379,90,,,,,
96,268,273,92,,,,,
87,323,299,92,,,,,
87,326,299,75,,,,,
110,341,241,76,,,,,
108,345,249,63,,,,,
106,276,294,63,,,,,
107,300,282,64,,,,,
131,328,268,57,,,,,
131,243,273,58,,,,,
141,249,474,58,,,,,
154,319,267,58,,,,,
155,254,272,59,,,,,
157,312,269,60,,,,,
131,312,222,66,,,,,
131,323,190,65,,,,,
132,414,468,65,,,,,
214,281,482,73,,,,,
281,219,258,73,,,,,
281,205,182,74,,,,,
283,134,311,57,,,,,
67,201,304,58,,,,,
102,201,308,58,,,,,
102,401,391,75,,,,,
184,302,404,76,,,,,
267,278,411,77,,,,,
96,163,245,65,,,,,
97,303,245,66,,,,,
104,306,241,79,,,,,
122,245,312,80,,,,,
114,249,382,81,,,,,
125,302,275,76,,,,,
127,248,275,77,,,,,
120,230,272,77,,,,,
158,270,246,72,,,,,
101,294,440,73,,,,,
103,297,101,74,,,,,
104,344,199,98,,,,,
147,319,203,93,,,,,
150,246,137,94,,,,,
142,250,573,75,,,,,
148,251,574,77,,,,,
150,274,581,78,,,,,
128,275,235,84,,,,,
101,281,392,138,,,,,
98,122,392,139,,,,,
159,282,276,140,,,,,
162,289,144,84,,,,,
165,256,403,,,,,,
139,253,757,,,,,,
163,246,784,,,,,,
166,371,447,,,,,,
157,374,280,,,,,,
162,277,347,,,,,,
167,325,683,,,,,,
165,604,340,,,,,,
118,304,341,,,,,,
119,338,457,,,,,,
99,341,586,,,,,,
100,332,288,,,,,,
96,386,289,,,,,,
121,292,289,,,,,,
121,337,255,,,,,,
138,327,249,,,,,,
141,311,391,,,,,,
164,262,277,,,,,,
166,369,463,,,,,,
176,202,418,,,,,,
157,288,403,,,,,,
148,363,983,,,,,,
149,339,235,,,,,,
132,341,270,,,,,,
137,310,283,,,,,,
139,268,361,,,,,,
116,291,895,,,,,,
116,217,908,,,,,,
119,222,293,,,,,,
194,224,286,,,,,,
195,288,640,,,,,,
291,264,640,,,,,,
279,246,634,,,,,,
280,248,182,,,,,,
108,341,182,,,,,,
109,334,276,,,,,,
110,279,299,,,,,,
102,297,313,,,,,,
103,300,453,,,,,,
104,209,464,,,,,,
112,213,302,,,,,,
152,215,331,,,,,,
146,236,243,,,,,,
142,241,212,,,,,,
154,243,269,,,,,,
158,223,296,,,,,,
133,224,243,,,,,,
168,227,250,,,,,,
111,252,250,,,,,,
112,253,252,,,,,,
127,294,311,,,,,,
128,212,288,,,,,,
230,208,316,,,,,,
168,211,321,,,,,,
170,219,316,,,,,,
99,180,348,,,,,,
100,181,358,,,,,,
74,182,380,,,,,,
146,297,150,,,,,,
123,283,268,,,,,,
123,277,264,,,,,,
125,99,286,,,,,,
86,210,296,,,,,,
199,209,372,,,,,,
155,175,370,,,,,,
95,347,379,,,,,,
96,175,407,,,,,,
182,255,243,,,,,,
184,256,246,,,,,,
126,227,243,,,,,,
126,284,229,,,,,,
129,287,213,,,,,,
113,288,214,,,,,,
114,240,233,,,,,,
118,243,235,,,,,,
235,504,243,,,,,,
242,387,319,,,,,,
41,387,260,,,,,,
120,245,214,,,,,,
118,247,211,,,,,,
158,252,279,,,,,,
159,254,289,,,,,,
118,255,296,,,,,,
119,310,302,,,,,,
300,236,195,,,,,,
123,239,325,,,,,,
112,240,453,,,,,,
114,230,306,,,,,,
100,233,349,,,,,,
123,234,709,,,,,,
88,240,409,,,,,,
118,242,801,,,,,,
120,243,134,,,,,,
122,284,266,,,,,,
191,308,264,,,,,,
183,226,481,,,,,,
182,228,293,,,,,,
165,446,299,,,,,,
139,221,301,,,,,,
143,216,297,,,,,,
136,220,261,,,,,,
154,219,266,,,,,,
174,389,116,,,,,,
188,241,386,,,,,,
159,245,357,,,,,,
150,198,353,,,,,,
149,201,867,,,,,,
147,202,845,,,,,,
141,275,828,,,,,,
194,278,254,,,,,,
210,278,339,,,,,,
231,208,344,,,,,,
233,133,370,,,,,,
262,272,285,,,,,,
264,277,285,,,,,,
418,280,287,,,,,,
353,230,258,,,,,,
353,223,266,,,,,,
354,285,263,,,,,,
160,287,123,,,,,,
124,294,330,,,,,,
383,278,331,,,,,,
385,279,226,,,,,,
287,352,241,,,,,,
179,354,769,,,,,,
181,355,772,,,,,,
101,266,241,,,,,,
98,279,249,,,,,,
99,256,233,,,,,,
115,308,271,,,,,,
114,313,316,,,,,,
114,315,342,,,,,,
127,197,349,,,,,,
130,172,476,,,,,,
131,413,251,,,,,,
403,386,273,,,,,,
41,298,265,,,,,,
41,279,273,,,,,,
42,275,263,,,,,,
116,258,307,,,,,,
125,204,376,,,,,,
139,241,386,,,,,,
140,242,278,,,,,,
141,245,290,,,,,,
44,636,289,,,,,,
46,639,285,,,,,,
46,642,218,,,,,,
44,156,258,,,,,,
44,148,250,,,,,,
45,149,252,,,,,,
44,152,330,,,,,,
44,310,335,,,,,,
45,311,330,,,,,,
147,313,234,,,,,,
148,194,295,,,,,,
150,196,303,,,,,,
178,236,315,,,,,,
121,238,338,,,,,,
119,290,346,,,,,,
138,293,256,,,,,,
139,255,397,,,,,,
127,258,399,,,,,,
94,258,250,,,,,,
94,296,258,,,,,,
95,299,258,,,,,,
139,301,353,,,,,,
148,329,480,,,,,,
86,251,353,,,,,,
86,255,81,,,,,,
87,248,325,,,,,,
114,205,292,,,,,,
110,206,436,,,,,,
110,132,248,,,,,,
110,133,266,,,,,,
151,216,337,,,,,,
151,219,289,,,,,,
100,221,221,,,,,,
102,372,274,,,,,,
102,376,244,,,,,,
135,301,439,,,,,,
136,301,220,,,,,,
125,302,252,,,,,,
126,333,260,,,,,,
100,333,333,,,,,,
102,349,226,,,,,,
167,609,660,,,,,,
121,612,891,,,,,,
122,365,251,,,,,,
123,369,539,,,,,,
117,321,563,,,,,,
159,323,566,,,,,,
159,326,62,,,,,,
161,249,60,,,,,,
141,250,61,,,,,,
141,59,423,,,,,,
142,166,433,,,,,,
188,166,441,,,,,,
189,267,307,,,,,,
190,269,314,,,,,,
62,271,293,,,,,,
76,265,278,,,,,,
90,269,284,,,,,,
110,271,411,,,,,,
110,247,417,,,,,,
111,245,385,,,,,,
114,246,259,,,,,,
114,247,635,,,,,,
114,260,344,,,,,,
197,263,347,,,,,,
199,263,577,,,,,,
130,214,580,,,,,,
161,216,337,,,,,,
161,210,187,,,,,,
162,291,287,,,,,,
108,240,379,,,,,,
109,250,187,,,,,,
110,255,298,,,,,,
70,317,396,,,,,,
70,203,479,,,,,,
112,276,337,,,,,,
117,276,465,,,,,,
118,267,405,,,,,,
121,247,241,,,,,,
193,247,247,,,,,,
208,249,248,,,,,,
119,275,323,,,,,,
121,278,355,,,,,,
93,279,296,,,,,,
94,274,302,,,,,,
95,277,303,,,,,,
186,223,298,,,,,,
186,224,304,,,,,,
187,383,300,,,,,,
117,397,220,,,,,,
212,270,231,,,,,,
100,172,231,,,,,,
97,141,231,,,,,,
98,141,252,,,,,,
124,138,260,,,,,,
133,283,269,,,,,,
124,223,399,,,,,,
258,189,399,,,,,,
259,288,361,,,,,,
261,252,362,,,,,,
99,254,394,,,,,,
101,347,152,,,,,,
102,351,284,,,,,,
217,206,288,,,,,,
230,208,290,,,,,,
246,189,443,,,,,,
98,183,639,,,,,,
99,185,660,,,,,,
97,77,669,,,,,,
149,240,672,,,,,,
150,241,819,,,,,,
89,237,215,,,,,,
90,240,222,,,,,,
91,362,219,,,,,,
115,393,280,,,,,,
118,493,325,,,,,,
154,522,256,,,,,,
155,316,261,,,,,,
158,318,262,,,,,,
232,288,314,,,,,,
236,205,578,,,,,,
211,168,647,,,,,,
46,168,861,,,,,,
99,274,311,,,,,,
100,177,314,,,,,,
164,188,282,,,,,,
169,223,295,,,,,,
140,229,302,,,,,,
115,233,225,,,,,,
114,231,226,,,,,,
510,231,230,,,,,,
102,233,267,,,,,,
103,225,786,,,,,,
126,226,245,,,,,,
129,229,251,,,,,,
130,229,246,,,,,,
106,230,345,,,,,,
138,310,355,,,,,,
139,244,274,,,,,,
169,335,284,,,,,,
249,364,244,,,,,,
261,221,248,,,,,,
262,222,246,,,,,,
155,218,268,,,,,,
157,223,266,,,,,,
160,240,245,,,,,,
115,263,297,,,,,,
482,258,303,,,,,,
484,258,304,,,,,,
179,258,362,,,,,,
181,272,389,,,,,,
100,213,376,,,,,,
101,232,381,,,,,,
118,199,272,,,,,,
120,271,281,,,,,,
121,285,370,,,,,,
64,290,399,,,,,,
110,341,354,,,,,,
110,341,356,,,,,,
191,330,356,,,,,,
103,331,273,,,,,,
104,276,278,,,,,,
170,282,278,,,,,,
171,283,393,,,,,,
112,343,398,,,,,,
99,262,396,,,,,,
130,341,536,,,,,,
133,332,525,,,,,,
143,345,466,,,,,,
156,234,606,,,,,,
162,227,473,,,,,,
163,170,235,,,,,,
164,167,230,,,,,,
105,169,231,,,,,,
97,191,254,,,,,,
105,242,81,,,,,,
106,370,262,,,,,,
108,373,279,,,,,,
122,255,219,,,,,,
155,247,224,,,,,,
115,347,224,,,,,,
116,350,346,,,,,,
117,279,353,,,,,,
111,247,299,,,,,,
111,228,307,,,,,,
124,221,286,,,,,,
124,166,335,,,,,,
154,217,343,,,,,,
162,306,259,,,,,,
132,329,421,,,,,,
100,275,257,,,,,,
138,352,264,,,,,,
140,352,246,,,,,,
45,408,252,,,,,,
106,685,253,,,,,,
108,692,346,,,,,,
109,255,348,,,,,,
118,393,192,,,,,,
120,397,238,,,,,,
121,379,239,,,,,,
118,220,272,,,,,,
119,222,279,,,,,,
117,449,293,,,,,,
118,454,175,,,,,,
119,256,273,,,,,,
111,261,245,,,,,,
215,262,253,,,,,,
143,234,253,,,,,,
154,235,343,,,,,,
166,232,689,,,,,,
120,224,300,,,,,,
121,225,322,,,,,,
122,227,263,,,,,,
72,285,210,,,,,,
105,281,375,,,,,,
100,273,379,,,,,,
100,270,631,,,,,,
115,270,291,,,,,,
124,258,400,,,,,,
125,267,373,,,,,,
120,269,435,,,,,,
123,261,221,,,,,,
124,321,227,,,,,,
137,325,232,,,,,,
138,327,258,,,,,,
139,357,247,,,,,,
264,359,342,,,,,,
120,361,342,,,,,,
122,316,340,,,,,,
123,321,334,,,,,,
162,324,317,,,,,,
162,247,328,,,,,,
160,248,275,,,,,,
162,309,249,,,,,,
107,275,255,,,,,,
123,277,279,,,,,,
96,271,272,,,,,,
96,273,270,,,,,,
169,47,272,,,,,,
97,243,375,,,,,,
128,250,412,,,,,,
129,243,422,,,,,,
130,245,459,,,,,,
187,440,391,,,,,,
155,449,389,,,,,,
156,294,565,,,,,,
122,297,641,,,,,,
147,298,635,,,,,,
148,312,356,,,,,,
150,326,361,,,,,,
113,333,360,,,,,,
115,248,215,,,,,,
115,233,217,,,,,,
122,233,218,,,,,,
123,234,273,,,,,,
217,312,360,,,,,,
218,319,354,,,,,,
222,288,337,,,,,,
310,296,358,,,,,,
319,286,353,,,,,,
322,273,321,,,,,,
229,242,300,,,,,,
237,243,285,,,,,,
239,286,282,,,,,,
241,287,282,,,,,,
413,278,197,,,,,,
214,276,209,,,,,,
470,274,274,,,,,,
475,281,269,,,,,,
322,278,256,,,,,,
310,219,318,,,,,,
158,324,229,,,,,,
159,220,229,,,,,,
161,323,224,,,,,,
44,331,375,,,,,,
45,269,362,,,,,,
45,268,358,,,,,,
291,270,395,,,,,,
291,272,462,,,,,,
292,256,461,,,,,,
44,271,449,,,,,,
45,266,437,,,,,,
45,224,250,,,,,,
142,374,208,,,,,,
138,334,211,,,,,,
139,320,213,,,,,,
43,355,318,,,,,,
44,367,316,,,,,,
44,371,379,,,,,,
132,319,354,,,,,,
41,202,363,,,,,,
42,273,360,,,,,,
42,273,320,,,,,,
127,550,319,,,,,,
127,320,319,,,,,,
130,290,279,,,,,,
118,283,320,,,,,,
121,484,299,,,,,,
122,501,311,,,,,,
211,356,323,,,,,,
120,355,321,,,,,,
130,242,412,,,,,,
43,261,267,,,,,,
43,263,260,,,,,,
44,265,260,,,,,,
42,664,229,,,,,,
42,663,238,,,,,,
43,670,238,,,,,,
41,249,232,,,,,,
130,100,270,,,,,,
239,232,267,,,,,,
211,324,268,,,,,,
195,289,358,,,,,,
196,262,374,,,,,,
349,331,362,,,,,,
41,342,362,,,,,,
42,344,254,,,,,,
43,222,262,,,,,,
41,226,208,,,,,,
169,228,183,,,,,,
170,224,369,,,,,,
101,336,383,,,,,,
91,247,392,,,,,,
435,249,256,,,,,,
440,444,256,,,,,,
221,444,247,,,,,,
181,446,183,,,,,,
98,242,234,,,,,,
88,259,227,,,,,,
89,974,270,,,,,,
119,193,315,,,,,,
180,320,299,,,,,,
201,323,294,,,,,,
110,323,381,,,,,,
109,325,371,,,,,,
109,172,340,,,,,,
137,439,439,,,,,,
70,279,441,,,,,,
119,281,445,,,,,,
115,321,315,,,,,,
103,322,295,,,,,,
104,262,292,,,,,,
115,352,158,,,,,,
190,319,227,,,,,,
117,320,223,,,,,,
119,221,424,,,,,,
119,317,396,,,,,,
136,294,301,,,,,,
137,302,141,,,,,,
138,256,295,,,,,,
114,254,476,,,,,,
114,332,471,,,,,,
119,334,484,,,,,,
115,335,295,,,,,,
104,286,462,,,,,,
114,286,373,,,,,,
126,290,380,,,,,,
124,202,376,,,,,,
134,212,270,,,,,,
148,202,277,,,,,,
114,301,275,,,,,,
132,385,267,,,,,,
133,268,258,,,,,,
97,268,519,,,,,,
95,262,508,,,,,,
120,279,508,,,,,,
101,283,356,,,,,,
103,285,345,,,,,,
104,316,316,,,,,,
127,286,339,,,,,,
128,255,363,,,,,,
128,258,367,,,,,,
59,309,122,,,,,,
94,389,242,,,,,,
95,424,251,,,,,,
118,401,310,,,,,,
120,553,315,,,,,,
75,204,256,,,,,,
76,206,150,,,,,,
76,346,292,,,,,,
118,374,423,,,,,,
557,376,359,,,,,,
155,355,361,,,,,,
157,272,359,,,,,,
159,276,281,,,,,,
82,278,278,,,,,,
223,436,256,,,,,,
124,507,322,,,,,,
258,201,271,,,,,,
259,217,265,,,,,,
100,236,254,,,,,,
123,259,187,,,,,,
127,309,276,,,,,,
128,312,276,,,,,,
106,307,326,,,,,,
110,309,330,,,,,,
124,342,325,,,,,,
124,338,190,,,,,,
125,339,235,,,,,,
225,366,428,,,,,,
281,366,378,,,,,,
284,359,262,,,,,,
286,222,300,,,,,,
163,216,297,,,,,,
95,218,291,,,,,,
95,225,251,,,,,,
97,194,249,,,,,,
115,195,247,,,,,,
116,295,320,,,,,,
125,374,391,,,,,,
126,922,212,,,,,,
127,932,339,,,,,,
97,319,420,,,,,,
138,293,350,,,,,,
184,296,355,,,,,,
125,249,307,,,,,,
126,227,133,,,,,,
122,514,292,,,,,,
122,289,424,,,,,,
178,382,420,,,,,,
118,269,430,,,,,,
119,282,329,,,,,,
69,284,565,,,,,,
109,285,393,,,,,,
111,335,401,,,,,,
108,229,197,,,,,,
112,230,270,,,,,,
108,326,348,,,,,,
129,329,350,,,,,,
132,329,248,,,,,,
217,268,303,,,,,,
216,270,394,,,,,,
218,339,278,,,,,,
107,344,295,,,,,,
108,344,285,,,,,,
134,242,258,,,,,,
194,247,314,,,,,,
200,251,246,,,,,,
191,252,246,,,,,,
92,484,246,,,,,,
86,484,249,,,,,,
86,201,249,,,,,,
225,175,245,,,,,,
225,167,243,,,,,,
225,303,357,,,,,,
186,305,304,,,,,,
187,269,301,,,,,,
123,264,297,,,,,,
133,266,305,,,,,,
138,347,302,,,,,,
132,350,385,,,,,,
268,316,387,,,,,,
269,370,418,,,,,,
270,247,330,,,,,,
139,232,313,,,,,,
158,232,311,,,,,,
159,233,272,,,,,,
152,285,293,,,,,,
63,217,342,,,,,,
316,311,350,,,,,,
318,314,357,,,,,,
321,249,358,,,,,,
126,257,355,,,,,,
153,258,400,,,,,,
133,245,404,,,,,,
282,249,393,,,,,,
278,251,237,,,,,,
41,354,559,,,,,,
152,354,570,,,,,,
152,334,377,,,,,,
154,291,407,,,,,,
148,287,479,,,,,,
148,279,498,,,,,,
149,280,301,,,,,,
158,325,301,,,,,,
159,313,298,,,,,,
161,352,671,,,,,,
141,354,369,,,,,,
141,356,365,,,,,,
115,269,363,,,,,,
116,270,435,,,,,,
117,273,435,,,,,,
128,254,433,,,,,,
129,260,296,,,,,,
148,263,297,,,,,,
149,264,278,,,,,,
131,214,392,,,,,,
125,215,326,,,,,,
126,227,331,,,,,,
131,230,291,,,,,,
131,226,270,,,,,,
148,248,271,,,,,,
149,406,296,,,,,,
90,234,363,,,,,,
94,237,418,,,,,,
103,238,626,,,,,,
269,188,635,,,,,,
269,191,639,,,,,,
273,192,339,,,,,,
151,146,371,,,,,,
151,343,373,,,,,,
153,345,277,,,,,,
111,349,285,,,,,,
89,337,293,,,,,,
139,428,186,,,,,,
141,417,304,,,,,,
142,408,304,,,,,,
167,412,301,,,,,,
179,343,250,,,,,,
119,242,426,,,,,,
123,369,428,,,,,,
110,371,734,,,,,,
113,373,360,,,,,,
114,278,362,,,,,,
139,404,291,,,,,,
141,379,288,,,,,,
143,434,258,,,,,,
148,442,265,,,,,,
131,444,256,,,,,,
130,330,776,,,,,,
131,269,812,,,,,,
140,271,257,,,,,,
102,273,282,,,,,,
103,296,292,,,,,,
101,299,287,,,,,,
103,257,330,,,,,,
99,261,337,,,,,,
121,262,337,,,,,,
122,225,320,,,,,,
173,233,325,,,,,,
175,234,320,,,,,,
135,236,336,,,,,,
45,224,323,,,,,,
100,228,335,,,,,,
387,229,390,,,,,,
387,280,229,,,,,,
157,283,229,,,,,,
150,284,215,,,,,,
151,212,217,,,,,,
182,283,218,,,,,,
142,304,268,,,,,,
154,306,274,,,,,,
168,307,282,,,,,,
131,230,292,,,,,,
130,231,588,,,,,,
132,232,629,,,,,,
134,306,202,,,,,,
107,309,276,,,,,,
108,192,582,,,,,,
108,292,579,,,,,,
159,268,214,,,,,,
307,272,258,,,,,,
158,429,247,,,,,,
105,411,663,,,,,,
107,372,637,,,,,,
136,292,614,,,,,,
128,320,364,,,,,,
129,297,364,,,,,,
131,297,359,,,,,,
121,212,319,,,,,,
122,241,324,,,,,,
124,242,317,,,,,,
186,309,238,,,,,,
125,311,239,,,,,,
132,312,292,,,,,,
107,282,351,,,,,,
107,288,254,,,,,,
108,320,262,,,,,,
48,323,262,,,,,,
122,298,347,,,,,,
201,206,395,,,,,,
138,282,650,,,,,,
115,284,231,,,,,,
115,286,230,,,,,,
120,203,265,,,,,,
120,204,323,,,,,,
84,206,363,,,,,,
85,235,227,,,,,,
86,239,234,,,,,,
160,241,234,,,,,,
162,213,63,,,,,,
153,215,205,,,,,,
141,410,222,,,,,,
141,400,235,,,,,,
146,400,310,,,,,,
122,308,311,,,,,,
123,500,273,,,,,,
124,321,256,,,,,,
124,303,355,,,,,,
127,301,313,,,,,,
165,303,318,,,,,,
166,241,294,,,,,,
167,378,291,,,,,,
107,401,239,,,,,,
108,483,233,,,,,,
109,258,234,,,,,,
138,259,60,,,,,,
117,260,62,,,,,,
119,442,292,,,,,,
118,447,299,,,,,,
120,460,309,,,,,,
234,371,422,,,,,,
240,403,422,,,,,,
241,439,290,,,,,,
110,369,245,,,,,,
110,383,250,,,,,,
110,387,60,,,,,,
162,391,62,,,,,,
228,377,60,,,,,,
112,379,60,,,,,,
112,301,60,,,,,,
112,304,61,,,,,,
98,305,189,,,,,,
98,279,196,,,,,,
122,251,302,,,,,,
123,122,307,,,,,,
119,325,302,,,,,,
120,291,222,,,,,,
124,299,228,,,,,,
117,300,236,,,,,,
119,339,261,,,,,,
120,342,266,,,,,,
118,352,254,,,,,,
120,274,1730,,,,,,
121,274,297,,,,,,
144,275,301,,,,,,
109,417,297,,,,,,
240,424,451,,,,,,
242,428,464,,,,,,
244,372,201,,,,,,
130,378,242,,,,,,
234,378,282,,,,,,
241,278,268,,,,,,
242,281,249,,,,,,
101,298,271,,,,,,
102,317,215,,,,,,
103,264,222,,,,,,
57,265,223,,,,,,
78,256,270,,,,,,
121,413,276,,,,,,
122,223,273,,,,,,
226,225,235,,,,,,
226,225,223,,,,,,
120,309,215,,,,,,
120,448,328,,,,,,
122,344,338,,,,,,
147,346,340,,,,,,
147,251,226,,,,,,
148,261,234,,,,,,
112,263,236,,,,,,
112,224,341,,,,,,
150,167,352,,,,,,
149,426,348,,,,,,
149,283,249,,,,,,
251,523,272,,,,,,
252,544,279,,,,,,
140,305,251,,,,,,
142,357,270,,,,,,
143,359,279,,,,,,
111,362,285,,,,,,
91,218,310,,,,,,
127,219,319,,,,,,
128,224,319,,,,,,
100,351,321,,,,,,
101,354,269,,,,,,
99,237,270,,,,,,
100,226,267,,,,,,
123,228,506,,,,,,
123,277,514,,,,,,
123,215,845,,,,,,
127,215,302,,,,,,
132,216,306,,,,,,
133,213,302,,,,,,
112,254,895,,,,,,
142,257,420,,,,,,
142,528,358,,,,,,
299,626,226,,,,,,
307,414,235,,,,,,
313,338,239,,,,,,
102,266,249,,,,,,
103,432,250,,,,,,
104,280,251,,,,,,
107,275,1461,,,,,,
132,275,290,,,,,,
133,276,300,,,,,,
102,353,296,,,,,,
103,362,173,,,,,,
104,223,178,,,,,,
89,228,252,,,,,,
159,277,226,,,,,,
87,267,243,,,,,,
157,260,245,,,,,,
160,295,354,,,,,,
124,337,364,,,,,,
195,213,442,,,,,,
195,286,228,,,,,,
196,308,250,,,,,,
154,248,249,,,,,,
158,245,268,,,,,,
159,640,226,,,,,,
165,269,217,,,,,,
166,272,235,,,,,,
167,266,243,,,,,,
99,246,158,,,,,,
99,239,247,,,,,,
70,535,264,,,,,,
187,537,260,,,,,,
279,294,281,,,,,,
110,297,281,,,,,,
111,324,107,,,,,,
120,327,239,,,,,,
150,393,231,,,,,,
114,397,231,,,,,,
80,184,186,,,,,,
81,261,201,,,,,,
131,262,379,,,,,,
132,245,234,,,,,,
138,323,245,,,,,,
140,324,241,,,,,,
142,319,238,,,,,,
154,218,223,,,,,,
156,233,212,,,,,,
157,300,200,,,,,,
159,486,201,,,,,,
159,390,248,,,,,,
146,392,242,,,,,,
192,362,250,,,,,,
194,298,255,,,,,,
160,396,69,,,,,,
161,257,212,,,,,,
163,383,187,,,,,,
183,401,192,,,,,,
183,401,193,,,,,,
90,403,310,,,,,,
92,274,450,,,,,,
93,212,450,,,,,,
107,280,457,,,,,,
100,283,322,,,,,,
101,285,240,,,,,,
122,284,295,,,,,,
123,287,301,,,,,,
108,383,247,,,,,,
117,288,252,,,,,,
200,370,266,,,,,,
201,221,438,,,,,,
202,223,440,,,,,,
163,287,242,,,,,,
149,609,238,,,,,,
150,615,239,,,,,,
163,761,241,,,,,,
157,773,238,,,,,,
150,197,244,,,,,,
107,312,250,,,,,,
108,278,246,,,,,,
126,278,243,,,,,,
402,281,256,,,,,,
105,401,256,,,,,,
106,129,355,,,,,,
107,237,359,,,,,,
47,256,209,,,,,,
131,259,212,,,,,,
205,250,246,,,,,,
205,200,255,,,,,,
189,221,253,,,,,,
102,362,307,,,,,,
149,696,201,,,,,,
154,327,197,,,,,,
81,357,198,,,,,,
82,391,211,,,,,,
228,280,320,,,,,,
120,270,742,,,,,,
121,270,935,,,,,,
85,67,185,,,,,,
190,237,189,,,,,,
67,225,282,,,,,,
109,222,273,,,,,,
101,221,134,,,,,,
136,678,193,,,,,,
137,234,154,,,,,,
128,234,329,,,,,,
155,231,334,,,,,,
156,215,329,,,,,,
159,409,297,,,,,,
195,394,292,,,,,,
196,401,289,,,,,,
187,413,282,,,,,,
96,428,288,,,,,,
109,460,236,,,,,,
149,431,242,,,,,,
155,433,243,,,,,,
88,255,516,,,,,,
127,291,506,,,,,,
126,291,467,,,,,,
127,292,217,,,,,,
122,398,222,,,,,,
120,398,218,,,,,,
116,404,130,,,,,,
112,281,240,,,,,,
150,284,248,,,,,,
133,262,231,,,,,,
131,729,665,,,,,,
131,368,370,,,,,,
133,474,341,,,,,,
112,310,305,,,,,,
112,313,206,,,,,,
112,205,213,,,,,,
199,208,495,,,,,,
132,210,554,,,,,,
134,742,487,,,,,,
135,202,447,,,,,,
85,212,622,,,,,,
107,220,650,,,,,,
75,441,413,,,,,,
77,441,420,,,,,,
77,441,525,,,,,,
250,908,235,,,,,,
253,967,245,,,,,,
134,991,257,,,,,,
136,417,266,,,,,,
138,421,244,,,,,,
138,495,67,,,,,,
139,600,73,,,,,,
140,243,76,,,,,,
167,624,243,,,,,,
170,342,232,,,,,,
171,344,233,,,,,,
159,464,278,,,,,,
175,566,278,,,,,,
125,569,280,,,,,,
127,298,320,,,,,,
205,303,342,,,,,,
213,306,337,,,,,,
213,432,240,,,,,,
157,436,252,,,,,,
164,439,253,,,,,,
121,598,317,,,,,,
131,604,328,,,,,,
119,351,95,,,,,,
205,358,104,,,,,,
206,360,106,,,,,,
179,364,313,,,,,,
608,370,322,,,,,,
660,377,296,,,,,,
663,288,433,,,,,,
122,291,242,,,,,,
99,292,249,,,,,,
99,343,356,,,,,,
100,181,383,,,,,,
202,267,394,,,,,,
203,267,299,,,,,,
205,268,270,,,,,,
112,268,198,,,,,,
114,219,198,,,,,,
458,200,419,,,,,,
66,202,419,,,,,,
161,202,407,,,,,,
164,273,407,,,,,,
166,233,325,,,,,,
167,276,287,,,,,,
138,287,283,,,,,,
104,287,251,,,,,,
105,289,306,,,,,,
137,210,275,,,,,,
139,221,278,,,,,,
140,221,484,,,,,,
425,266,991,,,,,,
469,274,297,,,,,,
102,277,301,,,,,,
103,234,264,,,,,,
258,231,271,,,,,,
114,231,276,,,,,,
115,314,260,,,,,,
114,318,249,,,,,,
171,320,253,,,,,,
172,218,238,,,,,,
105,218,252,,,,,,
106,222,253,,,,,,
164,205,156,,,,,,
152,201,332,,,,,,
154,242,342,,,,,,
155,340,338,,,,,,
235,274,332,,,,,,
105,265,234,,,,,,
227,284,225,,,,,,
128,297,227,,,,,,
129,297,246,,,,,,
129,299,265,,,,,,
120,207,265,,,,,,
112,159,293,,,,,,
112,159,299,,,,,,
113,170,296,,,,,,
122,172,223,,,,,,
121,173,228,,,,,,
287,266,320,,,,,,
268,265,304,,,,,,
213,261,301,,,,,,
217,198,354,,,,,,
102,198,362,,,,,,
136,226,356,,,,,,
155,229,367,,,,,,
210,232,373,,,,,,
162,279,367,,,,,,
169,283,241,,,,,,
171,284,259,,,,,,
112,365,268,,,,,,
114,337,683,,,,,,
115,352,663,,,,,,
104,320,541,,,,,,
107,323,162,,,,,,
78,323,159,,,,,,
68,534,166,,,,,,
69,665,422,,,,,,
69,642,351,,,,,,
291,186,331,,,,,,
288,182,541,,,,,,
289,183,606,,,,,,
165,71,363,,,,,,
133,237,213,,,,,,
134,239,392,,,,,,
153,234,403,,,,,,
146,241,405,,,,,,
148,243,339,,,,,,
107,197,330,,,,,,
107,200,405,,,,,,
108,202,413,,,,,,
193,313,408,,,,,,
195,313,258,,,,,,
196,315,277,,,,,,
129,311,301,,,,,,
130,317,219,,,,,,
130,320,226,,,,,,
179,566,229,,,,,,
105,270,453,,,,,,
105,275,469,,,,,,
105,253,471,,,,,,
174,234,301,,,,,,
412,241,296,,,,,,
116,246,244,,,,,,
117,284,255,,,,,,
118,287,284,,,,,,
186,278,293,,,,,,
189,295,295,,,,,,
116,230,214,,,,,,
117,231,294,,,,,,
119,281,209,,,,,,
120,314,222,,,,,,
212,314,222,,,,,,
217,319,433,,,,,,
152,225,274,,,,,,
100,172,254,,,,,,
132,172,474,,,,,,
133,274,392,,,,,,
133,275,386,,,,,,
239,278,351,,,,,,
242,71,356,,,,,,
137,207,356,,,,,,
148,202,277,,,,,,
136,189,258,,,,,,
154,191,241,,,,,,
157,319,331,,,,,,
132,319,313,,,,,,
195,319,234,,,,,,
195,95,240,,,,,,
196,285,296,,,,,,
128,378,305,,,,,,
145,265,316,,,,,,
236,194,663,,,,,,
161,195,234,,,,,,
162,196,231,,,,,,
135,204,235,,,,,,
130,274,462,,,,,,
130,624,476,,,,,,
145,76,448,,,,,,
149,330,510,,,,,,
169,332,409,,,,,,
93,333,403,,,,,,
143,243,372,,,,,,
145,201,371,,,,,,
149,201,373,,,,,,
121,202,170,,,,,,
122,316,264,,,,,,
135,322,478,,,,,,
142,325,497,,,,,,
139,258,544,,,,,,
139,274,598,,,,,,
102,274,616,,,,,,
103,230,261,,,,,,
432,314,284,,,,,,
425,363,294,,,,,,
176,390,284,,,,,,
139,309,291,,,,,,
139,347,276,,,,,,
137,369,203,,,,,,
356,369,210,,,,,,
357,173,206,,,,,,
407,216,272,,,,,,
279,201,274,,,,,,
261,290,325,,,,,,
143,292,333,,,,,,
155,298,245,,,,,,
93,222,269,,,,,,
99,221,278,,,,,,
99,219,292,,,,,,
221,237,253,,,,,,
222,316,235,,,,,,
224,310,236,,,,,,
274,388,243,,,,,,
130,288,230,,,,,,
204,294,238,,,,,,
123,295,238,,,,,,
124,345,251,,,,,,
125,282,259,,,,,,
107,307,247,,,,,,
129,258,234,,,,,,
117,310,238,,,,,,
119,334,236,,,,,,
148,456,321,,,,,,
152,297,224,,,,,,
74,298,212,,,,,,
123,338,271,,,,,,
140,343,387,,,,,,
141,345,408,,,,,,
142,301,820,,,,,,
122,305,208,,,,,,
136,307,210,,,,,,
57,382,210,,,,,,
164,380,419,,,,,,
165,382,426,,,,,,
167,666,419,,,,,,
98,746,239,,,,,,
98,318,239,,,,,,
139,189,321,,,,,,
233,192,473,,,,,,
233,194,183,,,,,,
157,190,188,,,,,,
160,233,205,,,,,,
161,274,483,,,,,,
121,279,500,,,,,,
149,281,462,,,,,,
151,203,534,,,,,,
155,204,287,,,,,,
343,206,277,,,,,,
346,257,296,,,,,,
348,260,298,,,,,,
99,263,298,,,,,,
100,259,248,,,,,,
101,251,255,,,,,,
119,255,247,,,,,,
334,305,272,,,,,,
336,282,226,,,,,,
336,284,230,,,,,,
159,270,285,,,,,,
160,270,393,,,,,,
161,270,741,,,,,,
121,325,373,,,,,,
104,533,396,,,,,,
104,711,272,,,,,,
133,469,272,,,,,,
249,500,292,,,,,,
267,542,832,,,,,,
269,272,760,,,,,,
136,264,832,,,,,,
105,260,191,,,,,,
105,271,197,,,,,,
128,276,204,,,,,,
136,279,374,,,,,,
139,317,367,,,,,,
155,321,360,,,,,,
156,227,60,,,,,,
159,432,62,,,,,,
103,432,289,,,,,,
52,439,256,,,,,,
116,244,234,,,,,,
117,247,231,,,,,,
105,248,792,,,,,,
105,428,926,,,,,,
107,425,253,,,,,,
46,457,273,,,,,,
139,254,261,,,,,,
156,260,262,,,,,,
128,261,675,,,,,,
104,253,692,,,,,,
286,243,291,,,,,,
119,327,453,,,,,,
121,322,318,,,,,,
122,527,323,,,,,,
119,313,662,,,,,,
127,283,254,,,,,,
128,237,263,,,,,,
127,234,259,,,,,,
192,246,334,,,,,,
118,247,344,,,,,,
119,231,341,,,,,,
120,290,284,,,,,,
114,290,284,,,,,,
197,535,294,,,,,,
203,457,483,,,,,,
180,486,483,,,,,,
152,311,483,,,,,,
153,313,325,,,,,,
96,315,325,,,,,,
104,316,325,,,,,,
106,248,196,,,,,,
107,251,246,,,,,,
129,253,681,,,,,,
139,384,621,,,,,,
140,256,279,,,,,,
130,256,237,,,,,,
112,311,513,,,,,,
113,313,261,,,,,,
130,315,176,,,,,,
57,223,232,,,,,,
131,221,240,,,,,,
144,211,204,,,,,,
146,297,442,,,,,,
130,238,220,,,,,,
131,241,226,,,,,,
132,242,216,,,,,,
110,284,520,,,,,,
111,247,507,,,,,,
112,249,444,,,,,,
113,264,274,,,,,,
116,280,292,,,,,,
116,281,308,,,,,,
117,210,211,,,,,,
113,328,260,,,,,,
115,293,484,,,,,,
115,298,635,,,,,,
173,247,647,,,,,,
173,227,722,,,,,,
174,182,275,,,,,,
120,433,284,,,,,,
120,437,266,,,,,,
122,251,439,,,,,,
110,255,452,,,,,,
110,256,199,,,,,,
110,162,240,,,,,,
109,162,240,,,,,,
82,163,356,,,,,,
151,154,351,,,,,,
105,156,441,,,,,,
74,156,441,,,,,,
338,304,349,,,,,,
340,259,370,,,,,,
159,261,367,,,,,,
160,265,710,,,,,,
160,268,710,,,,,,
119,330,1414,,,,,,
214,348,171,,,,,,
216,163,175,,,,,,
217,249,181,,,,,,
176,222,418,,,,,,
111,695,60,,,,,,
113,194,60,,,,,,
108,194,141,,,,,,
108,195,242,,,,,,
186,256,424,,,,,,
187,251,430,,,,,,
173,274,395,,,,,,
176,192,320,,,,,,
99,101,341,,,,,,
101,272,346,,,,,,
115,274,339,,,,,,
115,276,381,,,,,,
113,460,367,,,,,,
98,426,362,,,,,,
98,409,327,,,,,,
98,340,677,,,,,,
118,321,219,,,,,,
122,302,221,,,,,,
131,570,227,,,,,,
236,257,228,,,,,,
253,418,265,,,,,,
109,431,265,,,,,,
109,421,266,,,,,,
96,425,518,,,,,,
96,343,536,,,,,,
96,268,494,,,,,,
107,275,251,,,,,,
116,297,233,,,,,,
156,222,279,,,,,,
95,216,204,,,,,,
108,355,210,,,,,,
131,357,460,,,,,,
133,281,467,,,,,,
138,281,457,,,,,,
101,282,264,,,,,,
114,43,279,,,,,,
114,193,300,,,,,,
114,324,741,,,,,,
109,214,897,,,,,,
197,212,627,,,,,,
211,209,564,,,,,,
129,253,328,,,,,,
108,250,350,,,,,,
104,321,377,,,,,,
219,282,473,,,,,,
219,282,429,,,,,,
117,263,444,,,,,,
111,296,298,,,,,,
112,260,230,,,,,,
290,274,231,,,,,,
314,338,211,,,,,,
290,291,215,,,,,,
96,292,259,,,,,,
115,272,246,,,,,,
116,306,386,,,,,,
117,172,528,,,,,,
122,293,305,,,,,,
336,296,305,,,,,,
72,298,319,,,,,,
151,365,51,,,,,,
108,367,218,,,,,,
138,371,453,,,,,,
112,547,464,,,,,,
178,547,364,,,,,,
179,215,359,,,,,,
173,217,359,,,,,,
112,219,390,,,,,,
120,355,396,,,,,,
144,276,363,,,,,,
147,226,368,,,,,,
147,228,287,,,,,,
169,228,231,,,,,,
137,134,657,,,,,,
159,336,239,,,,,,
154,412,245,,,,,,
159,148,180,,,,,,
160,183,233,,,,,,
148,185,222,,,,,,
148,200,343,,,,,,
143,199,343,,,,,,
102,214,345,,,,,,
159,294,315,,,,,,
163,277,265,,,,,,
164,279,289,,,,,,
166,280,245,,,,,,
219,324,253,,,,,,
222,324,330,,,,,,
85,326,344,,,,,,
87,248,345,,,,,,
87,248,875,,,,,,
340,249,910,,,,,,
347,233,987,,,,,,
349,243,1061,,,,,,
171,259,307,,,,,,
174,276,333,,,,,,
176,296,315,,,,,,
140,321,398,,,,,,
140,234,367,,,,,,
119,234,264,,,,,,
121,236,275,,,,,,
122,215,292,,,,,,
286,219,299,,,,,,
310,302,441,,,,,,
338,302,447,,,,,,
148,268,447,,,,,,
148,268,472,,,,,,
105,272,196,,,,,,
105,340,202,,,,,,
106,215,203,,,,,,
127,216,285,,,,,,
108,218,292,,,,,,
98,334,353,,,,,,
52,444,368,,,,,,
52,729,380,,,,,,
53,77,220,,,,,,
41,78,231,,,,,,
139,79,217,,,,,,
140,335,218,,,,,,
229,354,241,,,,,,
277,377,245,,,,,,
254,377,266,,,,,,
159,379,384,,,,,,
143,240,372,,,,,,
144,343,245,,,,,,
145,354,234,,,,,,
135,487,486,,,,,,
138,647,649,,,,,,
129,62,326,,,,,,
130,61,467,,,,,,
131,61,442,,,,,,
125,213,227,,,,,,
232,205,216,,,,,,
236,206,217,,,,,,
151,210,480,,,,,,
153,280,485,,,,,,
122,293,166,,,,,,
123,295,618,,,,,,
123,296,332,,,,,,
123,378,339,,,,,,
132,378,243,,,,,,
100,323,248,,,,,,
101,242,241,,,,,,
102,319,493,,,,,,
104,300,249,,,,,,
105,304,276,,,,,,
106,304,283,,,,,,
116,306,271,,,,,,
170,224,247,,,,,,
171,224,383,,,,,,
174,232,382,,,,,,
131,251,648,,,,,,
166,270,817,,,,,,
168,274,746,,,,,,
170,275,326,,,,,,
156,267,348,,,,,,
159,266,225,,,,,,
160,259,297,,,,,,
143,254,306,,,,,,
145,288,377,,,,,,
145,264,305,,,,,,
102,266,300,,,,,,
102,266,288,,,,,,
104,328,272,,,,,,
263,249,282,,,,,,
131,254,273,,,,,,
132,247,280,,,,,,
178,364,232,,,,,,
118,351,263,,,,,,
120,337,270,,,,,,
122,262,272,,,,,,
131,274,236,,,,,,
132,274,1183,,,,,,
133,275,261,,,,,,
166,129,316,,,,,,
168,380,327,,,,,,
135,282,324,,,,,,
132,290,334,,,,,,
132,273,329,,,,,,
134,312,309,,,,,,
102,313,320,,,,,,
95,313,306,,,,,,
100,221,571,,,,,,
101,227,352,,,,,,
102,230,482,,,,,,
102,303,528,,,,,,
102,306,770,,,,,,
152,357,900,,,,,,
153,355,340,,,,,,
153,356,280,,,,,,
252,294,508,,,,,,
440,351,531,,,,,,
122,351,510,,,,,,
129,354,231,,,,,,
138,335,217,,,,,,
139,343,270,,,,,,
92,343,278,,,,,,
92,345,274,,,,,,
93,216,274,,,,,,
106,218,127,,,,,,
103,219,121,,,,,,
105,330,125,,,,,,
106,346,126,,,,,,
169,346,238,,,,,,
270,343,227,,,,,,
508,347,228,,,,,,
173,348,254,,,,,,
261,267,207,,,,,,
173,268,263,,,,,,
164,301,267,,,,,,
167,303,532,,,,,,
168,304,267,,,,,,
157,249,297,,,,,,
158,253,306,,,,,,
129,239,307,,,,,,
132,279,246,,,,,,
133,287,295,,,,,,
112,354,356,,,,,,
119,399,385,,,,,,
206,401,421,,,,,,
157,403,241,,,,,,
124,691,314,,,,,,
124,295,323,,,,,,
302,309,325,,,,,,
102,309,286,,,,,,
249,310,315,,,,,,
251,348,320,,,,,,
271,348,230,,,,,,
282,350,222,,,,,,
179,228,254,,,,,,
174,298,404,,,,,,
110,246,301,,,,,,
217,520,298,,,,,,
219,248,292,,,,,,
132,252,381,,,,,,
138,365,245,,,,,,
138,367,236,,,,,,
139,375,236,,,,,,
122,336,410,,,,,,
122,167,398,,,,,,
123,253,215,,,,,,
148,335,200,,,,,,
151,335,202,,,,,,
156,337,266,,,,,,
146,192,255,,,,,,
147,231,239,,,,,,
108,465,597,,,,,,
109,283,468,,,,,,
116,293,624,,,,,,
155,295,345,,,,,,
239,322,188,,,,,,
94,332,273,,,,,,
164,333,278,,,,,,
69,312,280,,,,,,
125,315,656,,,,,,
115,333,656,,,,,,
116,314,254,,,,,,
118,316,471,,,,,,
137,230,263,,,,,,
137,203,271,,,,,,
140,366,280,,,,,,
106,373,588,,,,,,
108,270,337,,,,,,
109,274,289,,,,,,
155,276,286,,,,,,
96,191,385,,,,,,
97,192,296,,,,,,
153,194,252,,,,,,
155,379,248,,,,,,
155,393,246,,,,,,
181,332,155,,,,,,
181,549,160,,,,,,
181,554,166,,,,,,
164,557,352,,,,,,
168,370,391,,,,,,
160,372,205,,,,,,
206,406,209,,,,,,
208,409,216,,,,,,
219,411,407,,,,,,
167,346,407,,,,,,
168,314,317,,,,,,
169,277,226,,,,,,
106,151,233,,,,,,
105,440,291,,,,,,
107,443,310,,,,,,
108,208,229,,,,,,
152,212,236,,,,,,
155,215,276,,,,,,
157,194,837,,,,,,
77,237,862,,,,,,
161,279,517,,,,,,
143,342,338,,,,,,
146,346,315,,,,,,
147,428,252,,,,,,
128,235,143,,,,,,
148,236,149,,,,,,
198,241,162,,,,,,
186,263,231,,,,,,
187,218,238,,,,,,
169,218,252,,,,,,
111,219,262,,,,,,
150,329,275,,,,,,
139,338,273,,,,,,
139,338,398,,,,,,
95,341,380,,,,,,
96,416,329,,,,,,
130,411,326,,,,,,
131,416,511,,,,,,
133,263,514,,,,,,
148,264,504,,,,,,
149,260,294,,,,,,
329,403,299,,,,,,
317,407,296,,,,,,
317,353,496,,,,,,
165,293,259,,,,,,
127,267,259,,,,,,
129,229,281,,,,,,
72,291,308,,,,,,
109,296,272,,,,,,
151,297,229,,,,,,
165,369,279,,,,,,
166,373,416,,,,,,
221,271,304,,,,,,
223,272,311,,,,,,
233,276,322,,,,,,
135,231,712,,,,,,
137,234,248,,,,,,
139,235,255,,,,,,
130,64,257,,,,,,
250,230,346,,,,,,
270,231,355,,,,,,
126,78,360,,,,,,
125,78,374,,,,,,
93,79,376,,,,,,
94,214,374,,,,,,
92,216,326,,,,,,
160,216,297,,,,,,
160,248,458,,,,,,
161,222,237,,,,,,
107,226,245,,,,,,
115,223,236,,,,,,
146,286,236,,,,,,
148,292,247,,,,,,
149,293,231,,,,,,
114,287,224,,,,,,
73,290,282,,,,,,
74,243,288,,,,,,
75,248,273,,,,,,
172,741,279,,,,,,
172,321,270,,,,,,
101,341,279,,,,,,
101,341,287,,,,,,
106,304,296,,,,,,
108,304,297,,,,,,
81,306,174,,,,,,
147,255,201,,,,,,
148,236,554,,,,,,
149,236,694,,,,,,
108,293,61,,,,,,
118,293,61,,,,,,
130,264,61,,,,,,
123,279,57,,,,,,
123,351,59,,,,,,
125,353,59,,,,,,
112,360,54,,,,,,
113,286,54,,,,,,
113,190,55,,,,,,
71,191,54,,,,,,
120,192,55,,,,,,
154,312,54,,,,,,
152,313,60,,,,,,
76,315,319,,,,,,
402,239,321,,,,,,
462,245,324,,,,,,
471,271,174,,,,,,
125,272,179,,,,,,
127,370,180,,,,,,
109,228,216,,,,,,
102,212,215,,,,,,
102,277,216,,,,,,
104,204,258,,,,,,
117,240,267,,,,,,
118,240,268,,,,,,
120,242,249,,,,,,
202,253,254,,,,,,
204,211,255,,,,,,
156,212,205,,,,,,
98,215,234,,,,,,
98,358,348,,,,,,
142,361,274,,,,,,
108,361,280,,,,,,
109,220,277,,,,,,
111,221,311,,,,,,
115,215,308,,,,,,
44,593,222,,,,,,
129,250,212,,,,,,
222,234,252,,,,,,
223,218,250,,,,,,
225,235,252,,,,,,
114,297,269,,,,,,
104,320,264,,,,,,
106,242,269,,,,,,
106,232,242,,,,,,
107,234,252,,,,,,
98,235,250,,,,,,
99,403,477,,,,,,
100,407,530,,,,,,
97,226,475,,,,,,
98,227,611,,,,,,
92,219,308,,,,,,
80,215,665,,,,,,
116,217,383,,,,,,
117,313,437,,,,,,
101,315,56,,,,,,
102,317,59,,,,,,
97,289,61,,,,,,
79,285,310,,,,,,
80,286,296,,,,,,
81,289,296,,,,,,
68,265,310,,,,,,
149,250,173,,,,,,
134,250,251,,,,,,
111,241,269,,,,,,
105,241,358,,,,,,
105,242,245,,,,,,
106,256,688,,,,,,
125,228,84,,,,,,
132,250,252,,,,,,
132,310,253,,,,,,
134,308,296,,,,,,
104,308,255,,,,,,
143,346,264,,,,,,
149,241,355,,,,,,
152,241,387,,,,,,
127,242,389,,,,,,
128,331,315,,,,,,
98,543,232,,,,,,
99,352,381,,,,,,
115,347,387,,,,,,
116,230,379,,,,,,
118,231,373,,,,,,
109,232,56,,,,,,
144,415,59,,,,,,
146,63,60,,,,,,
169,221,904,,,,,,
170,221,1184,,,,,,
171,222,1581,,,,,,
163,193,327,,,,,,
101,331,351,,,,,,
102,291,206,,,,,,
89,132,217,,,,,,
103,261,221,,,,,,
79,253,219,,,,,,
186,270,225,,,,,,
114,255,227,,,,,,
123,378,230,,,,,,
136,392,295,,,,,,
107,394,321,,,,,,
108,270,246,,,,,,
97,276,465,,,,,,
217,212,249,,,,,,
47,210,183,,,,,,
48,211,190,,,,,,
49,455,195,,,,,,
71,202,207,,,,,,
105,207,216,,,,,,
105,209,223,,,,,,
184,263,237,,,,,,
184,263,243,,,,,,
185,265,241,,,,,,
92,289,253,,,,,,
124,290,259,,,,,,
125,262,242,,,,,,
182,211,342,,,,,,
184,212,351,,,,,,
112,314,869,,,,,,
112,584,908,,,,,,
131,638,827,,,,,,
177,638,257,,,,,,
179,641,260,,,,,,
181,296,238,,,,,,
119,261,263,,,,,,
120,237,119,,,,,,
122,237,354,,,,,,
150,238,121,,,,,,
177,418,241,,,,,,
180,422,266,,,,,,
122,253,272,,,,,,
197,248,246,,,,,,
91,250,646,,,,,,
92,261,690,,,,,,
91,242,446,,,,,,
102,244,164,,,,,,
104,250,252,,,,,,
116,257,268,,,,,,
117,138,255,,,,,,
118,291,256,,,,,,
102,291,216,,,,,,
104,284,223,,,,,,
105,421,223,,,,,,
163,407,268,,,,,,
291,275,286,,,,,,
292,277,310,,,,,,
184,385,278,,,,,,
140,359,315,,,,,,
142,361,308,,,,,,
164,210,312,,,,,,
165,202,314,,,,,,
168,203,244,,,,,,
70,214,251,,,,,,
72,336,253,,,,,,
72,339,421,,,,,,
115,325,79,,,,,,
104,323,249,,,,,,
104,451,247,,,,,,
142,456,495,,,,,,
143,273,510,,,,,,
161,299,505,,,,,,
167,304,331,,,,,,
169,307,332,,,,,,
109,389,513,,,,,,
109,362,564,,,,,,
110,389,325,,,,,,
65,249,334,,,,,,
161,248,329,,,,,,
164,247,294,,,,,,
272,248,317,,,,,,
275,285,371,,,,,,
102,292,287,,,,,,
47,295,376,,,,,,
110,266,398,,,,,,
170,292,391,,,,,,
171,287,397,,,,,,
177,290,391,,,,,,
79,249,311,,,,,,
163,253,320,,,,,,
165,42,191,,,,,,
210,182,243,,,,,,
215,394,190,,,,,,
217,349,197,,,,,,
261,351,202,,,,,,
265,309,225,,,,,,
265,282,236,,,,,,
131,285,237,,,,,,
133,361,238,,,,,,
135,365,337,,,,,,
89,363,359,,,,,,
92,573,359,,,,,,
91,351,267,,,,,,
146,347,278,,,,,,
152,213,290,,,,,,
153,214,218,,,,,,
108,235,249,,,,,,
109,214,262,,,,,,
123,521,242,,,,,,
124,338,249,,,,,,
149,249,246,,,,,,
151,194,329,,,,,,
152,306,422,,,,,,
131,309,431,,,,,,
167,328,433,,,,,,
171,474,264,,,,,,
167,260,274,,,,,,
171,262,242,,,,,,
172,235,234,,,,,,
260,238,250,,,,,,
253,242,258,,,,,,
241,342,254,,,,,,
110,345,770,,,,,,
111,313,310,,,,,,
112,314,343,,,,,,
109,295,655,,,,,,
111,312,326,,,,,,
112,301,369,,,,,,
137,303,187,,,,,,
144,270,193,,,,,,
145,302,399,,,,,,
161,289,502,,,,,,
103,283,270,,,,,,
104,210,576,,,,,,
105,176,254,,,,,,
148,359,263,,,,,,
115,336,261,,,,,,
116,283,535,,,,,,
41,284,225,,,,,,
41,287,247,,,,,,
41,414,258,,,,,,
42,462,233,,,,,,
42,465,248,,,,,,
42,469,256,,,,,,
41,355,253,,,,,,
42,348,238,,,,,,
43,337,245,,,,,,
294,343,254,,,,,,
294,198,272,,,,,,
296,200,279,,,,,,
143,201,273,,,,,,
88,219,274,,,,,,
90,281,214,,,,,,
156,325,214,,,,,,
156,330,221,,,,,,
147,331,396,,,,,,
98,562,349,,,,,,
99,250,278,,,,,,
121,252,570,,,,,,
122,252,281,,,,,,
123,436,276,,,,,,
127,436,273,,,,,,
127,443,736,,,,,,
129,319,699,,,,,,
92,349,684,,,,,,
43,329,314,,,,,,
122,50,261,,,,,,
205,304,433,,,,,,
208,309,931,,,,,,
209,310,948,,,,,,
179,293,1560,,,,,,
137,296,233,,,,,,
139,297,237,,,,,,
140,373,238,,,,,,
145,388,333,,,,,,
231,396,333,,,,,,
131,415,331,,,,,,
132,243,563,,,,,,
133,245,583,,,,,,
130,446,185,,,,,,
135,374,185,,,,,,
173,368,672,,,,,,
116,371,659,,,,,,
117,583,662,,,,,,
149,586,223,,,,,,
155,360,202,,,,,,
44,277,206,,,,,,
45,278,287,,,,,,
45,354,285,,,,,,
112,358,285,,,,,,
114,359,251,,,,,,
115,448,204,,,,,,
122,465,313,,,,,,
109,443,290,,,,,,
119,295,287,,,,,,
120,295,335,,,,,,
121,297,344,,,,,,
102,332,340,,,,,,
121,352,310,,,,,,
122,415,333,,,,,,
124,420,327,,,,,,
105,420,232,,,,,,
106,346,233,,,,,,
97,349,251,,,,,,
147,349,186,,,,,,
147,350,186,,,,,,
149,420,501,,,,,,
359,424,646,,,,,,
359,427,743,,,,,,
361,287,604,,,,,,
239,311,522,,,,,,
164,315,512,,,,,,
166,235,301,,,,,,
168,240,287,,,,,,
140,415,284,,,,,,
162,672,320,,,,,,
164,314,329,,,,,,
120,314,247,,,,,,
97,296,338,,,,,,
98,296,345,,,,,,
110,299,339,,,,,,
81,301,199,,,,,,
96,81,324,,,,,,
97,361,295,,,,,,
261,364,292,,,,,,
97,351,393,,,,,,
177,415,401,,,,,,
114,417,401,,,,,,
115,419,801,,,,,,
136,434,913,,,,,,
137,522,316,,,,,,
78,566,335,,,,,,
78,424,465,,,,,,
79,377,280,,,,,,
103,393,289,,,,,,
103,397,286,,,,,,
104,320,495,,,,,,
457,325,219,,,,,,
503,327,278,,,,,,
244,336,264,,,,,,
208,361,264,,,,,,
209,367,241,,,,,,
210,362,248,,,,,,
116,240,248,,,,,,
119,242,250,,,,,,
120,242,255,,,,,,
206,553,256,,,,,,
209,466,213,,,,,,
211,329,268,,,,,,
153,329,915,,,,,,
149,331,929,,,,,,
122,257,929,,,,,,
123,276,262,,,,,,
154,281,251,,,,,,
157,292,252,,,,,,
79,292,513,,,,,,
81,292,1014,,,,,,
82,490,491,,,,,,
144,267,564,,,,,,
145,263,559,,,,,,
146,265,506,,,,,,
203,267,248,,,,,,
204,310,248,,,,,,
206,324,248,,,,,,
84,347,441,,,,,,
115,41,195,,,,,,
116,398,425,,,,,,
176,379,511,,,,,,
177,320,251,,,,,,
171,251,345,,,,,,
210,251,271,,,,,,
213,318,268,,,,,,
140,318,347,,,,,,
141,313,247,,,,,,
156,352,249,,,,,,
158,297,477,,,,,,
228,286,472,,,,,,
250,281,486,,,,,,
131,280,544,,,,,,
131,268,339,,,,,,
144,270,615,,,,,,
147,407,534,,,,,,
138,258,540,,,,,,
69,222,287,,,,,,
102,94,262,,,,,,
103,442,606,,,,,,
216,358,230,,,,,,
130,287,259,,,,,,
131,291,265,,,,,,
125,262,530,,,,,,
69,255,552,,,,,,
152,175,552,,,,,,
152,345,410,,,,,,
106,314,302,,,,,,
107,339,302,,,,,,
118,321,300,,,,,,
115,314,235,,,,,,
115,506,235,,,,,,
117,384,237,,,,,,
150,416,348,,,,,,
151,454,321,,,,,,
181,381,323,,,,,,
115,237,254,,,,,,
115,287,261,,,,,,
122,295,177,,,,,,
481,295,178,,,,,,
211,360,357,,,,,,
123,365,253,,,,,,
118,367,261,,,,,,
118,236,261,,,,,,
181,290,262,,,,,,
188,312,229,,,,,,
168,312,236,,,,,,
149,315,184,,,,,,
149,238,185,,,,,,
168,266,237,,,,,,
179,331,242,,,,,,
193,344,360,,,,,,
107,328,330,,,,,,
109,330,285,,,,,,
110,336,285,,,,,,
219,338,441,,,,,,
137,322,278,,,,,,
164,307,253,,,,,,
164,309,325,,,,,,
122,367,435,,,,,,
122,369,265,,,,,,
174,371,274,,,,,,
177,281,269,,,,,,
115,256,299,,,,,,
118,257,299,,,,,,
157,425,265,,,,,,
158,278,264,,,,,,
161,282,268,,,,,,
314,285,323,,,,,,
111,294,325,,,,,,
258,295,326,,,,,,
115,358,128,,,,,,
118,361,132,,,,,,
118,365,133,,,,,,
184,361,264,,,,,,
129,374,272,,,,,,
389,322,274,,,,,,
393,325,303,,,,,,
108,269,300,,,,,,
118,281,314,,,,,,
118,284,757,,,,,,
120,286,1568,,,,,,
221,258,808,,,,,,
120,274,411,,,,,,
121,288,308,,,,,,
140,278,308,,,,,,
140,409,304,,,,,,
157,415,311,,,,,,
161,387,248,,,,,,
163,387,262,,,,,,
106,101,170,,,,,,
107,452,361,,,,,,
135,309,349,,,,,,
136,358,337,,,,,,
137,357,149,,,,,,
72,358,213,,,,,,
72,377,234,,,,,,
74,332,309,,,,,,
173,335,314,,,,,,
70,313,309,,,,,,
71,228,422,,,,,,
116,306,496,,,,,,
154,640,279,,,,,,
155,643,288,,,,,,
137,334,283,,,,,,
137,356,307,,,,,,
107,361,263,,,,,,
108,362,264,,,,,,
109,364,253,,,,,,
138,415,232,,,,,,
138,419,222,,,,,,
136,276,222,,,,,,
69,279,284,,,,,,
115,416,286,,,,,,
116,418,256,,,,,,
117,567,182,,,,,,
162,670,308,,,,,,
127,602,317,,,,,,
130,724,357,,,,,,
126,733,245,,,,,,
127,740,510,,,,,,
127,320,549,,,,,,
117,339,552,,,,,,
118,80,329,,,,,,
119,271,339,,,,,,
114,272,338,,,,,,
115,290,217,,,,,,
116,317,445,,,,,,
146,535,456,,,,,,
141,583,714,,,,,,
118,248,732,,,,,,
120,250,725,,,,,,
106,226,347,,,,,,
136,246,97,,,,,,
126,270,352,,,,,,
44,524,507,,,,,,
45,465,502,,,,,,
46,467,500,,,,,,
158,262,777,,,,,,
161,329,758,,,,,,
117,332,925,,,,,,
117,252,189,,,,,,
169,328,192,,,,,,
184,327,201,,,,,,
187,353,190,,,,,,
129,117,368,,,,,,
142,65,381,,,,,,
156,635,379,,,,,,
122,645,416,,,,,,
123,664,416,,,,,,
240,334,409,,,,,,
223,337,279,,,,,,
41,339,501,,,,,,
95,221,355,,,,,,
119,223,359,,,,,,
119,337,359,,,,,,
121,334,249,,,,,,
181,218,249,,,,,,
183,222,239,,,,,,
40,225,370,,,,,,
154,133,372,,,,,,
101,293,368,,,,,,
139,547,445,,,,,,
141,634,459,,,,,,
79,1278,184,,,,,,
83,1284,214,,,,,,
83,340,387,,,,,,
84,335,395,,,,,,
162,325,389,,,,,,
164,269,423,,,,,,
220,282,299,,,,,,
142,274,304,,,,,,
144,343,332,,,,,,
144,325,313,,,,,,
201,284,310,,,,,,
201,273,270,,,,,,
226,154,274,,,,,,
227,172,267,,,,,,
115,173,266,,,,,,
118,175,270,,,,,,
119,439,268,,,,,,
114,444,503,,,,,,
133,296,575,,,,,,
147,301,581,,,,,,
129,307,249,,,,,,
130,322,251,,,,,,
130,300,249,,,,,,
111,249,385,,,,,,
113,330,387,,,,,,
113,324,381,,,,,,
122,324,653,,,,,,
123,420,981,,,,,,
125,409,260,,,,,,
136,412,262,,,,,,
138,283,618,,,,,,
139,270,649,,,,,,
57,273,671,,,,,,
168,261,1636,,,,,,
158,298,1749,,,,,,
155,258,267,,,,,,
156,259,269,,,,,,
157,286,363,,,,,,
121,290,337,,,,,,
122,306,305,,,,,,
123,490,135,,,,,,
81,457,254,,,,,,
113,308,254,,,,,,
95,308,547,,,,,,
175,456,580,,,,,,
155,385,580,,,,,,
144,391,497,,,,,,
127,395,336,,,,,,
114,314,343,,,,,,
121,175,336,,,,,,
122,223,471,,,,,,
265,250,478,,,,,,
269,251,469,,,,,,
270,252,312,,,,,,
202,399,316,,,,,,
203,298,253,,,,,,
205,298,258,,,,,,
206,300,246,,,,,,
207,331,251,,,,,,
126,334,261,,,,,,
126,261,263,,,,,,
127,261,241,,,,,,
137,262,244,,,,,,
143,353,275,,,,,,
146,424,296,,,,,,
169,531,298,,,,,,
164,534,468,,,,,,
164,536,385,,,,,,
130,285,377,,,,,,
132,293,372,,,,,,
118,249,273,,,,,,
108,376,282,,,,,,
111,372,284,,,,,,
99,374,286,,,,,,
167,376,295,,,,,,
166,238,296,,,,,,
165,242,243,,,,,,
113,244,241,,,,,,
114,349,240,,,,,,
115,324,605,,,,,,
124,325,633,,,,,,
124,295,652,,,,,,
117,320,275,,,,,,
119,283,266,,,,,,
126,451,266,,,,,,
130,453,455,,,,,,
131,456,460,,,,,,
270,256,460,,,,,,
177,322,744,,,,,,
56,295,828,,,,,,
107,348,861,,,,,,
102,366,54,,,,,,
155,377,222,,,,,,
155,379,243,,,,,,
157,383,252,,,,,,
130,361,297,,,,,,
118,280,291,,,,,,
119,281,288,,,,,,
147,703,440,,,,,,
128,755,478,,,,,,
129,309,318,,,,,,
111,315,331,,,,,,
113,317,333,,,,,,
113,392,362,,,,,,
140,400,367,,,,,,
141,402,324,,,,,,
113,533,246,,,,,,
326,520,254,,,,,,
329,262,327,,,,,,
329,270,434,,,,,,
139,271,379,,,,,,
143,301,354,,,,,,
145,194,400,,,,,,
146,200,319,,,,,,
267,226,313,,,,,,
267,202,321,,,,,,
640,218,358,,,,,,
646,220,244,,,,,,
133,257,254,,,,,,
159,234,255,,,,,,
160,246,382,,,,,,
123,473,462,,,,,,
152,483,477,,,,,,
154,278,244,,,,,,
51,280,253,,,,,,
160,399,255,,,,,,
151,687,1118,,,,,,
152,222,435,,,,,,
153,201,331,,,,,,
102,303,333,,,,,,
103,308,381,,,,,,
104,311,389,,,,,,
214,251,383,,,,,,
221,254,371,,,,,,
221,263,301,,,,,,
117,260,484,,,,,,
117,267,475,,,,,,
118,349,468,,,,,,
99,349,355,,,,,,
209,351,361,,,,,,
227,297,277,,,,,,
223,297,282,,,,,,
224,299,340,,,,,,
226,340,266,,,,,,
312,357,267,,,,,,
315,303,217,,,,,,
177,209,556,,,,,,
142,210,729,,,,,,
145,211,423,,,,,,
146,353,423,,,,,,
145,455,266,,,,,,
213,574,274,,,,,,
215,625,276,,,,,,
149,476,459,,,,,,
150,344,503,,,,,,
149,463,528,,,,,,
150,171,451,,,,,,
150,286,283,,,,,,
328,285,293,,,,,,
127,268,269,,,,,,
143,282,353,,,,,,
115,234,355,,,,,,
116,234,351,,,,,,
118,237,291,,,,,,
121,306,272,,,,,,
121,306,252,,,,,,
124,347,253,,,,,,
122,349,270,,,,,,
123,351,304,,,,,,
130,263,313,,,,,,
160,386,275,,,,,,
196,333,241,,,,,,
119,278,248,,,,,,
164,224,248,,,,,,
116,299,249,,,,,,
116,413,239,,,,,,
118,483,246,,,,,,
113,521,243,,,,,,
114,396,354,,,,,,
81,375,336,,,,,,
160,443,333,,,,,,
111,463,267,,,,,,
113,445,271,,,,,,
114,447,269,,,,,,
168,279,259,,,,,,
169,230,274,,,,,,
208,230,274,,,,,,
210,344,251,,,,,,
112,379,259,,,,,,
115,388,681,,,,,,
115,382,714,,,,,,
190,293,229,,,,,,
191,228,231,,,,,,
192,293,232,,,,,,
97,295,84,,,,,,
98,339,292,,,,,,
160,368,303,,,,,,
161,415,300,,,,,,
150,331,323,,,,,,
101,407,325,,,,,,
200,399,321,,,,,,
85,180,548,,,,,,
256,346,461,,,,,,
198,267,461,,,,,,
133,350,284,,,,,,
142,127,276,,,,,,
142,399,258,,,,,,
105,293,254,,,,,,
128,296,678,,,,,,
298,352,272,,,,,,
40,252,258,,,,,,
160,245,259,,,,,,
161,226,291,,,,,,
163,224,300,,,,,,
124,364,297,,,,,,
125,373,178,,,,,,
127,388,172,,,,,,
150,280,293,,,,,,
151,242,284,,,,,,
255,239,288,,,,,,
159,241,286,,,,,,
399,294,282,,,,,,
403,296,271,,,,,,
405,299,419,,,,,,
223,229,533,,,,,,
224,232,563,,,,,,
225,233,235,,,,,,
228,339,241,,,,,,
151,340,238,,,,,,
153,312,268,,,,,,
154,328,275,,,,,,
156,328,217,,,,,,
197,330,220,,,,,,
199,61,128,,,,,,
114,255,215,,,,,,
115,234,465,,,,,,
116,278,475,,,,,,
108,279,252,,,,,,
110,347,253,,,,,,
189,348,373,,,,,,
189,240,375,,,,,,
190,525,369,,,,,,
141,289,281,,,,,,
153,289,288,,,,,,
102,102,211,,,,,,
108,284,217,,,,,,
207,169,225,,,,,,
162,215,281,,,,,,
164,246,290,,,,,,
118,248,287,,,,,,
118,250,239,,,,,,
94,207,240,,,,,,
158,169,238,,,,,,
144,170,402,,,,,,
116,172,410,,,,,,
117,262,404,,,,,,
114,685,315,,,,,,
113,313,317,,,,,,
99,313,314,,,,,,
100,222,235,,,,,,
99,258,253,,,,,,
122,272,274,,,,,,
123,204,254,,,,,,
124,206,366,,,,,,
151,278,372,,,,,,
154,277,372,,,,,,
156,279,221,,,,,,
94,242,226,,,,,,
143,341,227,,,,,,
143,300,246,,,,,,
144,349,262,,,,,,
107,251,260,,,,,,
110,254,220,,,,,,
111,214,175,,,,,,
89,217,175,,,,,,
232,324,239,,,,,,
234,422,228,,,,,,
236,208,226,,,,,,
154,213,185,,,,,,
120,210,191,,,,,,
128,243,191,,,,,,
116,244,278,,,,,,
166,339,306,,,,,,
187,299,195,,,,,,
191,310,238,,,,,,
185,485,239,,,,,,
189,240,96,,,,,,
125,232,269,,,,,,
137,232,229,,,,,,
60,276,100,,,,,,
150,297,261,,,,,,
103,325,262,,,,,,
103,260,416,,,,,,
105,262,426,,,,,,
446,264,196,,,,,,
450,304,204,,,,,,
453,550,205,,,,,,
345,837,189,,,,,,
135,297,192,,,,,,
150,301,212,,,,,,
153,304,219,,,,,,
155,163,263,,,,,,
205,399,246,,,,,,
207,403,247,,,,,,
209,640,235,,,,,,
185,310,257,,,,,,
187,305,257,,,,,,
207,314,257,,,,,,
210,272,290,,,,,,
213,275,291,,,,,,
91,274,355,,,,,,
92,264,359,,,,,,
121,264,279,,,,,,
95,265,284,,,,,,
96,240,289,,,,,,
97,243,290,,,,,,
176,246,305,,,,,,
179,174,310,,,,,,
171,244,310,,,,,,
136,311,245,,,,,,
130,314,245,,,,,,
131,396,225,,,,,,
230,398,230,,,,,,
233,288,249,,,,,,
156,298,246,,,,,,
157,299,308,,,,,,
158,420,294,,,,,,
149,447,283,,,,,,
127,447,216,,,,,,
260,450,223,,,,,,
123,311,223,,,,,,
124,313,267,,,,,,
125,309,154,,,,,,
139,315,155,,,,,,
141,258,250,,,,,,
143,275,407,,,,,,
136,277,250,,,,,,
194,278,629,,,,,,
195,251,632,,,,,,
177,333,249,,,,,,
178,391,257,,,,,,
209,299,263,,,,,,
115,330,270,,,,,,
136,313,267,,,,,,
137,266,232,,,,,,
138,268,251,,,,,,
433,343,238,,,,,,
433,426,234,,,,,,
386,430,232,,,,,,
162,432,300,,,,,,
170,483,276,,,,,,
172,483,275,,,,,,
605,158,506,,,,,,
611,256,448,,,,,,
112,307,448,,,,,,
113,267,450,,,,,,
111,241,78,,,,,,
113,276,244,,,,,,
175,269,241,,,,,,
177,411,231,,,,,,
179,389,226,,,,,,
271,382,234,,,,,,
171,369,213,,,,,,
168,232,214,,,,,,
168,235,208,,,,,,
168,236,366,,,,,,
95,341,273,,,,,,
178,338,293,,,,,,
112,338,298,,,,,,
113,340,245,,,,,,
120,205,249,,,,,,
121,207,249,,,,,,
131,208,185,,,,,,
132,365,280,,,,,,
138,361,257,,,,,,
138,330,246,,,,,,
232,307,473,,,,,,
234,303,246,,,,,,
160,330,242,,,,,,
160,426,306,,,,,,
127,397,296,,,,,,
128,399,290,,,,,,
178,332,242,,,,,,
181,373,366,,,,,,
130,309,370,,,,,,
146,313,362,,,,,,
138,324,266,,,,,,
124,325,222,,,,,,
127,347,229,,,,,,
128,355,253,,,,,,
111,517,255,,,,,,
112,163,665,,,,,,
130,166,685,,,,,,
135,147,295,,,,,,
136,259,280,,,,,,
165,198,280,,,,,,
153,199,233,,,,,,
121,182,235,,,,,,
121,312,298,,,,,,
131,315,305,,,,,,
133,208,194,,,,,,
135,63,198,,,,,,
107,250,218,,,,,,
102,255,221,,,,,,
102,193,222,,,,,,
103,174,236,,,,,,
142,176,242,,,,,,
144,353,239,,,,,,
145,311,622,,,,,,
159,311,624,,,,,,
160,312,425,,,,,,
124,169,291,,,,,,
153,170,404,,,,,,
123,172,410,,,,,,
123,259,347,,,,,,
153,253,531,,,,,,
154,253,544,,,,,,
156,256,279,,,,,,
129,288,286,,,,,,
167,249,283,,,,,,
115,252,568,,,,,,
126,192,561,,,,,,
128,280,315,,,,,,
111,282,320,,,,,,
161,325,296,,,,,,
162,322,304,,,,,,
116,317,298,,,,,,
122,175,258,,,,,,
81,178,264,,,,,,
82,180,262,,,,,,
161,260,215,,,,,,
162,264,428,,,,,,
128,266,438,,,,,,
130,272,271,,,,,,
132,257,364,,,,,,
98,306,333,,,,,,
98,263,330,,,,,,
99,265,445,,,,,,
155,257,389,,,,,,
157,259,208,,,,,,
123,413,209,,,,,,
213,415,353,,,,,,
131,421,350,,,,,,
132,281,469,,,,,,
118,368,481,,,,,,
116,308,484,,,,,,
117,317,233,,,,,,
140,154,234,,,,,,
142,499,193,,,,,,
143,281,200,,,,,,
133,283,211,,,,,,
127,146,300,,,,,,
130,303,290,,,,,,
145,314,262,,,,,,
226,886,258,,,,,,
169,367,286,,,,,,
163,327,278,,,,,,
287,134,275,,,,,,
289,299,286,,,,,,
199,287,296,,,,,,
199,290,282,,,,,,
200,340,295,,,,,,
128,279,291,,,,,,
111,446,301,,,,,,
137,469,495,,,,,,
138,439,413,,,,,,
139,314,211,,,,,,
183,258,294,,,,,,
166,356,295,,,,,,
143,359,243,,,,,,
102,290,440,,,,,,
162,271,440,,,,,,
165,359,260,,,,,,
262,278,216,,,,,,
318,406,200,,,,,,
222,294,258,,,,,,
222,284,281,,,,,,
223,282,270,,,,,,
157,352,270,,,,,,
159,731,271,,,,,,
185,779,252,,,,,,
135,464,243,,,,,,
136,417,243,,,,,,
100,421,244,,,,,,
101,423,299,,,,,,
102,272,308,,,,,,
122,276,287,,,,,,
158,277,327,,,,,,
160,295,649,,,,,,
129,298,224,,,,,,
197,282,225,,,,,,
100,285,230,,,,,,
125,486,487,,,,,,
169,304,296,,,,,,
170,337,297,,,,,,
174,248,344,,,,,,
372,256,307,,,,,,
376,256,408,,,,,,
278,257,408,,,,,,
278,400,387,,,,,,
128,389,444,,,,,,
130,393,446,,,,,,
128,381,420,,,,,,
189,377,303,,,,,,
128,407,299,,,,,,
411,329,300,,,,,,
149,330,207,,,,,,
138,394,207,,,,,,
392,418,244,,,,,,
130,418,432,,,,,,
295,358,410,,,,,,
171,219,327,,,,,,
172,427,324,,,,,,
176,432,286,,,,,,
151,201,305,,,,,,
152,203,275,,,,,,
146,169,423,,,,,,
148,257,285,,,,,,
149,262,272,,,,,,
142,212,336,,,,,,
238,173,299,,,,,,
140,174,235,,,,,,
255,176,593,,,,,,
257,269,504,,,,,,
109,370,504,,,,,,
276,377,320,,,,,,
274,342,317,,,,,,
222,317,241,,,,,,
204,390,248,,,,,,
211,440,259,,,,,,
213,223,250,,,,,,
324,226,251,,,,,,
328,511,298,,,,,,
149,514,313,,,,,,
247,143,311,,,,,,
144,370,321,,,,,,
240,372,283,,,,,,
441,299,216,,,,,,
211,298,219,,,,,,
205,298,273,,,,,,
207,312,278,,,,,,
127,315,274,,,,,,
122,262,283,,,,,,
122,268,280,,,,,,
204,209,261,,,,,,
127,258,269,,,,,,
127,289,265,,,,,,
129,267,262,,,,,,
202,271,461,,,,,,
204,272,501,,,,,,
142,272,503,,,,,,
130,470,242,,,,,,
242,484,249,,,,,,
152,459,238,,,,,,
144,462,315,,,,,,
148,316,352,,,,,,
149,294,343,,,,,,
120,295,313,,,,,,
121,297,355,,,,,,
119,391,339,,,,,,
386,387,308,,,,,,
385,166,370,,,,,,
385,292,374,,,,,,
115,263,366,,,,,,
116,112,260,,,,,,
117,299,264,,,,,,
111,316,265,,,,,,
113,292,312,,,,,,
114,795,700,,,,,,
129,799,227,,,,,,
130,803,222,,,,,,
97,302,223,,,,,,
140,302,204,,,,,,
142,303,277,,,,,,
247,252,248,,,,,,
294,253,320,,,,,,
185,256,315,,,,,,
187,259,505,,,,,,
196,341,522,,,,,,
197,261,569,,,,,,
199,719,267,,,,,,
155,409,276,,,,,,
121,455,314,,,,,,
120,312,350,,,,,,
120,313,336,,,,,,
121,282,290,,,,,,
139,310,291,,,,,,
139,313,268,,,,,,
141,243,257,,,,,,
98,551,263,,,,,,
99,776,259,,,,,,
102,254,236,,,,,,
103,272,313,,,,,,
46,274,397,,,,,,
111,276,367,,,,,,
112,105,307,,,,,,
90,278,312,,,,,,
90,281,323,,,,,,
86,262,323,,,,,,
93,201,644,,,,,,
169,205,116,,,,,,
93,239,257,,,,,,
148,205,262,,,,,,
149,207,260,,,,,,
145,189,255,,,,,,
146,199,378,,,,,,
94,202,367,,,,,,
127,208,213,,,,,,
130,209,220,,,,,,
142,308,259,,,,,,
144,302,295,,,,,,
131,289,296,,,,,,
129,292,458,,,,,,
141,425,460,,,,,,
129,307,354,,,,,,
170,275,305,,,,,,
150,227,262,,,,,,
116,227,255,,,,,,
119,228,255,,,,,,
129,314,260,,,,,,
104,330,224,,,,,,
104,316,231,,,,,,
44,318,223,,,,,,
45,225,748,,,,,,
45,230,759,,,,,,
139,232,748,,,,,,
87,244,223,,,,,,
83,249,228,,,,,,
88,249,664,,,,,,
89,166,671,,,,,,
162,169,611,,,,,,
181,286,513,,,,,,
102,291,258,,,,,,
103,266,246,,,,,,
103,754,240,,,,,,
157,687,253,,,,,,
157,590,250,,,,,,
109,241,231,,,,,,
131,242,232,,,,,,
133,243,239,,,,,,
135,239,293,,,,,,
152,440,288,,,,,,
152,343,341,,,,,,
153,343,344,,,,,,
111,444,246,,,,,,
112,448,378,,,,,,
113,341,286,,,,,,
244,347,300,,,,,,
244,426,271,,,,,,
219,434,267,,,,,,
219,168,504,,,,,,
219,281,285,,,,,,
154,319,293,,,,,,
154,319,329,,,,,,
157,322,242,,,,,,
131,429,368,,,,,,
108,433,361,,,,,,
119,303,359,,,,,,
116,199,326,,,,,,
237,201,333,,,,,,
257,308,329,,,,,,
115,308,170,,,,,,
116,309,255,,,,,,
131,250,356,,,,,,
111,247,367,,,,,,
112,302,367,,,,,,
113,203,558,,,,,,
107,341,580,,,,,,
108,343,580,,,,,,
110,260,406,,,,,,
134,249,406,,,,,,
159,242,367,,,,,,
270,223,284,,,,,,
141,317,284,,,,,,
139,328,284,,,,,,
136,332,260,,,,,,
136,361,268,,,,,,
137,371,265,,,,,,
181,190,65,,,,,,
184,244,179,,,,,,
186,358,247,,,,,,
198,226,247,,,,,,
198,226,249,,,,,,
154,218,281,,,,,,
157,230,286,,,,,,
160,232,265,,,,,,
67,234,316,,,,,,
117,219,169,,,,,,
277,218,224,,,,,,
278,219,226,,,,,,
280,218,227,,,,,,
171,304,603,,,,,,
115,306,1083,,,,,,
114,300,603,,,,,,
115,307,450,,,,,,
173,310,285,,,,,,
157,314,292,,,,,,
206,264,290,,,,,,
207,264,286,,,,,,
164,259,289,,,,,,
168,233,283,,,,,,
113,228,543,,,,,,
107,223,121,,,,,,
114,274,298,,,,,,
258,299,298,,,,,,
273,292,271,,,,,,
118,294,276,,,,,,
118,278,248,,,,,,
121,263,235,,,,,,
130,254,272,,,,,,
243,243,282,,,,,,
244,246,325,,,,,,
163,327,254,,,,,,
165,356,379,,,,,,
126,128,254,,,,,,
128,301,221,,,,,,
130,305,225,,,,,,
137,273,226,,,,,,
138,270,349,,,,,,
114,265,337,,,,,,
114,328,345,,,,,,
115,329,258,,,,,,
226,331,327,,,,,,
245,366,319,,,,,,
274,361,373,,,,,,
119,265,383,,,,,,
122,276,385,,,,,,
123,278,265,,,,,,
140,281,265,,,,,,
142,278,267,,,,,,
143,265,304,,,,,,
220,266,306,,,,,,
116,313,645,,,,,,
169,647,641,,,,,,
170,433,595,,,,,,
174,433,558,,,,,,
105,437,224,,,,,,
168,305,224,,,,,,
168,317,225,,,,,,
90,320,389,,,,,,
90,250,508,,,,,,
156,311,262,,,,,,
132,361,262,,,,,,
132,363,262,,,,,,
134,365,205,,,,,,
146,347,220,,,,,,
149,347,303,,,,,,
150,349,305,,,,,,
152,245,413,,,,,,
107,249,255,,,,,,
107,250,263,,,,,,
109,327,246,,,,,,
131,139,467,,,,,,
148,193,469,,,,,,
150,194,304,,,,,,
151,316,274,,,,,,
101,321,279,,,,,,
99,323,273,,,,,,
93,221,281,,,,,,
320,348,281,,,,,,
214,359,286,,,,,,
167,461,346,,,,,,
129,240,436,,,,,,
127,242,198,,,,,,
128,445,318,,,,,,
172,229,326,,,,,,
127,279,309,,,,,,
141,355,266,,,,,,
116,473,271,,,,,,
118,294,267,,,,,,
119,295,286,,,,,,
112,286,281,,,,,,
113,239,278,,,,,,
92,250,398,,,,,,
116,249,404,,,,,,
119,373,323,,,,,,
120,745,373,,,,,,
144,746,345,,,,,,
145,570,342,,,,,,
100,576,235,,,,,,
102,290,240,,,,,,
103,332,193,,,,,,
45,290,193,,,,,,
45,561,202,,,,,,
45,578,209,,,,,,
40,643,281,,,,,,
41,440,242,,,,,,
125,183,384,,,,,,
126,185,384,,,,,,
59,186,337,,,,,,
60,323,282,,,,,,
126,326,272,,,,,,
127,212,259,,,,,,
128,227,244,,,,,,
41,258,394,,,,,,
44,287,364,,,,,,
45,289,257,,,,,,
45,241,259,,,,,,
115,241,212,,,,,,
116,225,288,,,,,,
41,310,526,,,,,,
40,423,561,,,,,,
41,122,604,,,,,,
113,290,323,,,,,,
114,293,347,,,,,,
115,567,360,,,,,,
133,689,220,,,,,,
133,362,228,,,,,,
134,301,229,,,,,,
116,279,222,,,,,,
118,307,228,,,,,,
119,310,230,,,,,,
236,232,277,,,,,,
123,263,283,,,,,,
124,265,266,,,,,,
124,267,225,,,,,,
153,273,230,,,,,,
124,279,122,,,,,,
126,280,305,,,,,,
242,332,309,,,,,,
141,343,314,,,,,,
141,345,210,,,,,,
143,435,216,,,,,,
177,446,212,,,,,,
120,448,546,,,,,,
139,283,568,,,,,,
141,289,562,,,,,,
169,327,355,,,,,,
170,332,355,,,,,,
155,254,531,,,,,,
156,257,294,,,,,,
157,266,231,,,,,,
300,307,353,,,,,,
115,231,233,,,,,,
116,232,532,,,,,,
117,337,532,,,,,,
128,398,718,,,,,,
126,343,239,,,,,,
135,343,241,,,,,,
136,278,207,,,,,,
110,259,479,,,,,,
43,243,494,,,,,,
169,242,481,,,,,,
170,315,619,,,,,,
223,333,214,,,,,,
118,326,326,,,,,,
120,633,324,,,,,,
166,470,303,,,,,,
169,468,193,,,,,,
201,470,219,,,,,,
191,542,613,,,,,,
191,565,604,,,,,,
137,568,580,,,,,,
129,238,240,,,,,,
152,261,440,,,,,,
132,261,266,,,,,,
124,261,625,,,,,,
127,420,360,,,,,,
114,238,360,,,,,,
116,240,416,,,,,,
117,297,437,,,,,,
125,294,415,,,,,,
145,378,630,,,,,,
147,324,415,,,,,,
148,235,291,,,,,,
136,237,291,,,,,,
136,239,286,,,,,,
137,308,282,,,,,,
125,309,283,,,,,,
304,313,280,,,,,,
295,322,300,,,,,,
156,329,293,,,,,,
142,262,289,,,,,,
433,333,208,,,,,,
307,338,208,,,,,,
310,338,211,,,,,,
130,325,806,,,,,,
489,357,843,,,,,,
490,241,284,,,,,,
490,241,291,,,,,,
127,245,288,,,,,,
160,216,251,,,,,,
149,216,252,,,,,,
151,471,522,,,,,,
148,476,545,,,,,,
150,407,548,,,,,,
165,369,245,,,,,,
172,503,240,,,,,,
164,284,216,,,,,,
64,262,464,,,,,,
139,262,478,,,,,,
139,265,160,,,,,,
140,333,164,,,,,,
195,336,272,,,,,,
167,340,272,,,,,,
444,288,533,,,,,,
421,295,544,,,,,,
135,298,539,,,,,,
461,296,384,,,,,,
465,299,352,,,,,,
113,302,279,,,,,,
114,293,267,,,,,,
116,296,183,,,,,,
97,550,400,,,,,,
114,550,298,,,,,,
114,346,394,,,,,,
116,282,394,,,,,,
133,267,264,,,,,,
136,276,359,,,,,,
145,279,359,,,,,,
210,268,334,,,,,,
139,246,258,,,,,,
268,249,248,,,,,,
261,478,248,,,,,,
252,483,345,,,,,,
134,485,355,,,,,,
136,87,266,,,,,,
146,260,277,,,,,,
149,262,273,,,,,,
100,264,324,,,,,,
100,384,333,,,,,,
100,322,341,,,,,,
156,337,307,,,,,,
148,314,314,,,,,,
150,365,215,,,,,,
157,368,218,,,,,,
159,303,224,,,,,,
123,281,211,,,,,,
221,309,294,,,,,,
272,295,294,,,,,,
253,298,295,,,,,,
436,311,232,,,,,,
440,320,297,,,,,,
125,321,279,,,,,,
125,313,263,,,,,,
126,248,286,,,,,,
210,249,251,,,,,,
166,251,252,,,,,,
137,308,250,,,,,,
137,312,280,,,,,,
139,357,308,,,,,,
70,361,569,,,,,,
94,267,589,,,,,,
95,214,230,,,,,,
96,217,212,,,,,,
149,300,201,,,,,,
120,304,379,,,,,,
120,307,381,,,,,,
120,210,192,,,,,,
109,213,195,,,,,,
111,216,464,,,,,,
110,418,455,,,,,,
118,410,225,,,,,,
117,418,427,,,,,,
116,355,427,,,,,,
42,234,275,,,,,,
42,315,278,,,,,,
43,286,204,,,,,,
155,272,70,,,,,,
157,278,382,,,,,,
121,314,338,,,,,,
122,294,352,,,,,,
160,313,222,,,,,,
176,212,795,,,,,,
232,210,772,,,,,,
292,202,246,,,,,,
42,229,324,,,,,,
41,310,329,,,,,,
41,355,324,,,,,,
110,430,243,,,,,,
42,438,245,,,,,,
41,822,243,,,,,,
41,240,201,,,,,,
41,241,205,,,,,,
41,359,530,,,,,,
44,364,236,,,,,,
45,337,253,,,,,,
45,301,277,,,,,,
67,361,318,,,,,,
68,362,302,,,,,,
43,368,304,,,,,,
43,307,246,,,,,,
44,305,180,,,,,,
108,305,161,,,,,,
109,307,252,,,,,,
100,287,487,,,,,,
110,274,436,,,,,,
108,280,762,,,,,,
44,283,436,,,,,,
45,456,267,,,,,,
45,73,400,,,,,,
97,214,248,,,,,,
83,216,368,,,,,,
41,298,238,,,,,,
41,322,174,,,,,,
40,325,158,,,,,,
41,327,153,,,,,,
44,298,156,,,,,,
41,300,157,,,,,,
41,301,289,,,,,,
42,528,271,,,,,,
42,634,319,,,,,,
42,230,259,,,,,,
42,224,267,,,,,,
42,227,267,,,,,,
41,207,278,,,,,,
41,163,287,,,,,,
124,164,287,,,,,,
128,308,252,,,,,,
129,313,394,,,,,,
119,418,498,,,,,,
154,501,516,,,,,,
154,415,518,,,,,,
156,357,194,,,,,,
118,357,197,,,,,,
121,261,200,,,,,,
122,263,252,,,,,,
121,242,422,,,,,,
122,371,431,,,,,,
82,309,284,,,,,,
139,309,393,,,,,,
110,311,403,,,,,,
212,262,215,,,,,,
201,240,219,,,,,,
117,211,220,,,,,,
117,252,596,,,,,,
127,408,584,,,,,,
124,331,587,,,,,,
127,349,465,,,,,,
156,350,283,,,,,,
158,399,292,,,,,,
160,462,268,,,,,,
147,292,342,,,,,,
149,441,350,,,,,,
150,310,380,,,,,,
98,320,330,,,,,,
99,349,255,,,,,,
148,402,260,,,,,,
149,384,293,,,,,,
149,390,293,,,,,,
115,314,237,,,,,,
279,315,434,,,,,,
114,261,433,,,,,,
143,267,367,,,,,,
145,473,552,,,,,,
105,348,329,,,,,,
106,374,441,,,,,,
122,723,483,,,,,,
123,376,265,,,,,,
131,382,246,,,,,,
133,384,247,,,,,,
133,219,249,,,,,,
80,244,256,,,,,,
80,265,257,,,,,,
81,354,219,,,,,,
122,358,215,,,,,,
121,235,217,,,,,,
122,240,389,,,,,,
123,242,269,,,,,,
166,286,270,,,,,,
167,242,270,,,,,,
168,355,261,,,,,,
202,359,273,,,,,,
191,47,274,,,,,,
140,290,295,,,,,,
83,563,451,,,,,,
140,561,295,,,,,,
140,564,228,,,,,,
157,304,235,,,,,,
161,511,240,,,,,,
162,289,451,,,,,,
120,293,481,,,,,,
107,1004,451,,,,,,
117,1004,295,,,,,,
120,469,300,,,,,,
121,474,297,,,,,,
93,330,260,,,,,,
94,333,300,,,,,,
165,335,276,,,,,,
166,505,273,,,,,,
163,521,188,,,,,,
165,587,266,,,,,,
167,379,561,,,,,,
308,711,315,,,,,,
309,457,312,,,,,,
312,209,328,,,,,,
154,200,334,,,,,,
157,202,329,,,,,,
209,278,348,,,,,,
209,522,359,,,,,,
200,355,401,,,,,,
119,162,431,,,,,,
124,447,424,,,,,,
122,424,225,,,,,,
150,508,232,,,,,,
151,511,232,,,,,,
234,513,304,,,,,,
241,331,579,,,,,,
243,117,390,,,,,,
160,225,591,,,,,,
161,324,390,,,,,,
44,430,741,,,,,,
132,430,741,,,,,,
99,432,352,,,,,,
101,393,527,,,,,,
101,390,352,,,,,,
102,352,240,,,,,,
136,694,248,,,,,,
145,640,238,,,,,,
146,694,257,,,,,,
114,426,262,,,,,,
96,430,270,,,,,,
98,829,266,,,,,,
99,927,270,,,,,,
157,977,275,,,,,,
159,231,275,,,,,,
137,402,276,,,,,,
167,410,267,,,,,,
186,432,277,,,,,,
79,375,269,,,,,,
122,377,259,,,,,,
120,1185,250,,,,,,
121,546,346,,,,,,
123,365,270,,,,,,
124,385,277,,,,,,
125,389,225,,,,,,
179,326,221,,,,,,
183,333,219,,,,,,
184,334,208,,,,,,
124,324,247,,,,,,
125,370,255,,,,,,
178,409,257,,,,,,
180,427,329,,,,,,
130,429,254,,,,,,
158,422,213,,,,,,
160,422,201,,,,,,
162,454,156,,,,,,
148,642,347,,,,,,
150,285,246,,,,,,
151,290,252,,,,,,
125,557,250,,,,,,
126,302,273,,,,,,
119,408,268,,,,,,
122,367,270,,,,,,
113,369,304,,,,,,
114,367,310,,,,,,
139,284,305,,,,,,
117,287,500,,,,,,
118,268,552,,,,,,
121,381,561,,,,,,
122,379,278,,,,,,
112,270,288,,,,,,
114,353,267,,,,,,
120,353,305,,,,,,
123,355,278,,,,,,
125,285,287,,,,,,
123,229,281,,,,,,
125,230,237,,,,,,
126,233,241,,,,,,
165,294,229,,,,,,
122,408,385,,,,,,
122,475,268,,,,,,
122,576,273,,,,,,
60,613,248,,,,,,
60,577,307,,,,,,
54,440,318,,,,,,
106,351,262,,,,,,
115,385,120,,,,,,
105,471,307,,,,,,
106,358,314,,,,,,
107,360,287,,,,,,
100,407,217,,,,,,
100,242,224,,,,,,
102,52,223,,,,,,
110,364,302,,,,,,
110,347,306,,,,,,
110,353,312,,,,,,
139,357,312,,,,,,
131,358,340,,,,,,
133,148,348,,,,,,
134,331,315,,,,,,
127,333,320,,,,,,
110,351,326,,,,,,
111,391,298,,,,,,
112,392,266,,,,,,
249,394,273,,,,,,
121,294,193,,,,,,
97,295,262,,,,,,
99,280,257,,,,,,
100,349,159,,,,,,
96,318,185,,,,,,
97,292,179,,,,,,
113,350,181,,,,,,
110,352,347,,,,,,
111,268,538,,,,,,
123,309,581,,,,,,
124,308,602,,,,,,
125,276,449,,,,,,
133,337,465,,,,,,
125,310,297,,,,,,
128,325,306,,,,,,
143,327,268,,,,,,
120,272,257,,,,,,
113,356,531,,,,,,
124,360,544,,,,,,
128,381,749,,,,,,
130,299,783,,,,,,
160,313,382,,,,,,
156,299,217,,,,,,
120,291,189,,,,,,
127,296,195,,,,,,
127,299,446,,,,,,
113,295,215,,,,,,
114,307,204,,,,,,
116,302,213,,,,,,
129,280,260,,,,,,
131,283,265,,,,,,
132,284,263,,,,,,
140,527,286,,,,,,
140,524,292,,,,,,
141,245,283,,,,,,
161,661,234,,,,,,
120,295,234,,,,,,
122,313,1675,,,,,,
114,345,1726,,,,,,
147,368,278,,,,,,
115,277,280,,,,,,
116,277,290,,,,,,
201,279,320,,,,,,
201,361,320,,,,,,
223,405,320,,,,,,
216,322,185,,,,,,
204,246,189,,,,,,
240,426,311,,,,,,
95,467,328,,,,,,
112,327,282,,,,,,
114,260,287,,,,,,
115,243,284,,,,,,
127,212,218,,,,,,
129,168,210,,,,,,
128,184,232,,,,,,
129,236,236,,,,,,
130,238,273,,,,,,
111,250,290,,,,,,
113,253,292,,,,,,
114,253,289,,,,,,
110,177,223,,,,,,
110,180,316,,,,,,
111,182,322,,,,,,
109,245,298,,,,,,
110,245,425,,,,,,
141,247,423,,,,,,
143,250,207,,,,,,
135,172,210,,,,,,
136,286,216,,,,,,
137,318,304,,,,,,
121,321,331,,,,,,
122,323,258,,,,,,
78,290,244,,,,,,
79,294,245,,,,,,
79,274,256,,,,,,
240,370,263,,,,,,
241,372,255,,,,,,
242,374,256,,,,,,
97,294,259,,,,,,
99,205,239,,,,,,
99,112,223,,,,,,
100,341,198,,,,,,
101,337,240,,,,,,
102,307,244,,,,,,
169,325,286,,,,,,
182,323,293,,,,,,
106,326,290,,,,,,
106,250,270,,,,,,
107,250,416,,,,,,
111,256,270,,,,,,
112,259,241,,,,,,
169,486,246,,,,,,
97,310,296,,,,,,
98,316,304,,,,,,
99,318,271,,,,,,
70,226,317,,,,,,
71,331,323,,,,,,
72,335,212,,,,,,
110,255,212,,,,,,
111,258,248,,,,,,
112,332,366,,,,,,
123,332,374,,,,,,
98,255,319,,,,,,
101,265,245,,,,,,
101,278,262,,,,,,
110,338,269,,,,,,
111,392,266,,,,,,
127,332,346,,,,,,
128,529,665,,,,,,
129,505,636,,,,,,
147,722,265,,,,,,
302,198,272,,,,,,
129,359,240,,,,,,
130,364,318,,,,,,
131,366,294,,,,,,
126,245,291,,,,,,
127,244,233,,,,,,
218,245,222,,,,,,
135,216,227,,,,,,
136,208,297,,,,,,
136,209,382,,,,,,
277,211,234,,,,,,
142,286,242,,,,,,
133,289,240,,,,,,
133,250,253,,,,,,
163,236,254,,,,,,
129,348,252,,,,,,
130,377,231,,,,,,
58,336,237,,,,,,
166,339,267,,,,,,
138,257,275,,,,,,
139,254,272,,,,,,
141,253,279,,,,,,
328,498,283,,,,,,
320,459,285,,,,,,
322,260,288,,,,,,
325,173,311,,,,,,
410,250,294,,,,,,
428,246,296,,,,,,
128,245,227,,,,,,
129,295,297,,,,,,
357,298,306,,,,,,
115,298,303,,,,,,
125,232,323,,,,,,
126,214,505,,,,,,
130,217,507,,,,,,
63,244,209,,,,,,
127,92,213,,,,,,
127,451,809,,,,,,
86,631,950,,,,,,
115,688,1387,,,,,,
116,178,257,,,,,,
117,290,304,,,,,,
142,298,316,,,,,,
149,300,281,,,,,,
150,204,300,,,,,,
116,205,212,,,,,,
160,255,196,,,,,,
162,260,239,,,,,,
163,234,254,,,,,,
168,239,275,,,,,,
174,216,450,,,,,,
174,219,716,,,,,,
295,221,450,,,,,,
100,278,333,,,,,,
194,282,341,,,,,,
194,285,186,,,,,,
188,278,192,,,,,,
332,358,256,,,,,,
120,360,242,,,,,,
128,361,221,,,,,,
128,245,231,,,,,,
98,248,255,,,,,,
97,248,255,,,,,,
98,314,255,,,,,,
196,193,311,,,,,,
201,193,305,,,,,,
203,374,546,,,,,,
114,332,517,,,,,,
115,332,509,,,,,,
163,324,406,,,,,,
164,328,618,,,,,,
166,329,550,,,,,,
139,251,555,,,,,,
132,257,222,,,,,,
134,268,199,,,,,,
205,282,192,,,,,,
106,146,313,,,,,,
108,440,319,,,,,,
183,586,316,,,,,,
235,621,269,,,,,,
257,290,272,,,,,,
280,304,401,,,,,,
269,304,257,,,,,,
272,305,313,,,,,,
141,271,199,,,,,,
142,744,199,,,,,,
145,233,197,,,,,,
121,298,374,,,,,,
121,323,374,,,,,,
121,276,208,,,,,,
184,242,209,,,,,,
187,420,190,,,,,,
188,420,1423,,,,,,
372,426,1466,,,,,,
191,232,306,,,,,,
78,219,377,,,,,,
95,221,432,,,,,,
247,259,390,,,,,,
161,263,228,,,,,,
161,265,137,,,,,,
148,196,336,,,,,,
148,198,344,,,,,,
149,261,267,,,,,,
367,220,298,,,,,,
370,224,301,,,,,,
372,227,304,,,,,,
215,416,248,,,,,,
217,416,257,,,,,,
107,418,254,,,,,,
110,352,328,,,,,,
102,229,333,,,,,,
103,415,300,,,,,,
110,438,308,,,,,,
112,440,311,,,,,,
113,329,315,,,,,,
109,263,309,,,,,,
118,263,288,,,,,,
119,263,279,,,,,,
121,314,263,,,,,,
136,56,340,,,,,,
138,354,362,,,,,,
138,242,533,,,,,,
179,247,546,,,,,,
180,250,230,,,,,,
117,310,233,,,,,,
130,291,238,,,,,,
122,294,223,,,,,,
122,297,226,,,,,,
124,300,460,,,,,,
125,267,352,,,,,,
126,266,186,,,,,,
127,267,187,,,,,,
137,294,269,,,,,,
136,287,278,,,,,,
134,328,275,,,,,,
129,323,218,,,,,,
130,291,422,,,,,,
131,255,246,,,,,,
99,266,250,,,,,,
101,269,269,,,,,,
102,251,294,,,,,,
131,242,260,,,,,,
132,312,258,,,,,,
134,220,256,,,,,,
337,220,345,,,,,,
169,282,346,,,,,,
152,285,345,,,,,,
153,285,327,,,,,,
97,320,337,,,,,,
98,320,225,,,,,,
99,351,228,,,,,,
228,381,240,,,,,,
229,415,241,,,,,,
231,346,155,,,,,,
77,347,108,,,,,,
78,351,253,,,,,,
118,337,189,,,,,,
118,337,180,,,,,,
112,339,355,,,,,,
174,279,384,,,,,,
131,279,309,,,,,,
132,282,279,,,,,,
133,277,246,,,,,,
150,280,267,,,,,,
139,297,490,,,,,,
140,136,230,,,,,,
106,214,234,,,,,,
107,215,339,,,,,,
257,305,327,,,,,,
257,314,289,,,,,,
242,315,252,,,,,,
206,272,261,,,,,,
192,275,264,,,,,,
123,248,264,,,,,,
124,251,254,,,,,,
128,253,216,,,,,,
134,249,214,,,,,,
135,253,221,,,,,,
136,254,54,,,,,,
110,250,654,,,,,,
235,166,654,,,,,,
111,264,618,,,,,,
112,224,295,,,,,,
134,242,299,,,,,,
134,238,114,,,,,,
135,353,273,,,,,,
144,350,282,,,,,,
144,470,279,,,,,,
145,340,298,,,,,,
138,420,302,,,,,,
140,290,304,,,,,,
141,291,189,,,,,,
98,840,282,,,,,,
100,845,386,,,,,,
116,280,246,,,,,,
146,306,255,,,,,,
147,175,252,,,,,,
122,230,421,,,,,,
165,273,233,,,,,,
166,296,234,,,,,,
130,248,363,,,,,,
163,249,352,,,,,,
243,250,662,,,,,,
141,609,1024,,,,,,
243,292,662,,,,,,
139,159,200,,,,,,
141,210,197,,,,,,
105,211,197,,,,,,
106,211,322,,,,,,
107,235,288,,,,,,
145,238,283,,,,,,
147,211,258,,,,,,
240,211,250,,,,,,
244,214,256,,,,,,
245,215,497,,,,,,
133,725,614,,,,,,
135,732,232,,,,,,
136,479,218,,,,,,
91,553,339,,,,,,
139,256,330,,,,,,
76,259,321,,,,,,
77,366,240,,,,,,
163,439,245,,,,,,
165,457,330,,,,,,
122,500,277,,,,,,
124,182,212,,,,,,
100,219,200,,,,,,
100,529,181,,,,,,
105,553,254,,,,,,
107,721,263,,,,,,
135,310,249,,,,,,
151,365,306,,,,,,
154,263,368,,,,,,
155,316,376,,,,,,
119,343,398,,,,,,
119,293,239,,,,,,
119,294,315,,,,,,
290,296,219,,,,,,
290,228,210,,,,,,
151,553,361,,,,,,
140,327,257,,,,,,
112,399,259,,,,,,
113,435,276,,,,,,
106,353,282,,,,,,
119,355,277,,,,,,
126,344,242,,,,,,
123,348,234,,,,,,
123,348,219,,,,,,
101,352,378,,,,,,
128,297,348,,,,,,
129,228,355,,,,,,
130,230,314,,,,,,
114,260,280,,,,,,
115,265,179,,,,,,
116,258,340,,,,,,
200,259,319,,,,,,
203,307,301,,,,,,
185,308,285,,,,,,
168,426,282,,,,,,
168,434,191,,,,,,
124,436,192,,,,,,
125,353,877,,,,,,
120,500,771,,,,,,
155,360,741,,,,,,
134,560,372,,,,,,
112,58,479,,,,,,
139,192,469,,,,,,
142,292,289,,,,,,
252,309,292,,,,,,
98,319,328,,,,,,
99,320,467,,,,,,
99,257,199,,,,,,
129,272,248,,,,,,
130,244,249,,,,,,
132,245,239,,,,,,
98,304,240,,,,,,
98,310,212,,,,,,
99,329,212,,,,,,
51,246,215,,,,,,
156,323,400,,,,,,
142,246,521,,,,,,
113,246,426,,,,,,
124,257,444,,,,,,
125,268,369,,,,,,
126,190,605,,,,,,
154,425,574,,,,,,
104,429,551,,,,,,
104,893,399,,,,,,
106,342,385,,,,,,
135,346,385,,,,,,
135,456,237,,,,,,
137,458,236,,,,,,
115,460,233,,,,,,
116,232,171,,,,,,
118,295,172,,,,,,
127,316,322,,,,,,
127,327,312,,,,,,
128,330,295,,,,,,
480,344,349,,,,,,
485,372,354,,,,,,
127,376,354,,,,,,
128,182,362,,,,,,
130,290,362,,,,,,
116,405,191,,,,,,
116,232,198,,,,,,
118,361,198,,,,,,
63,420,286,,,,,,
117,424,297,,,,,,
118,379,292,,,,,,
167,383,211,,,,,,
102,323,335,,,,,,
102,327,280,,,,,,
138,327,327,,,,,,
159,220,262,,,,,,
160,523,362,,,,,,
130,157,319,,,,,,
131,329,314,,,,,,
129,331,235,,,,,,
300,242,296,,,,,,
255,248,284,,,,,,
256,248,279,,,,,,
129,250,279,,,,,,
80,213,232,,,,,,
161,277,386,,,,,,
164,285,348,,,,,,
166,288,342,,,,,,
217,235,328,,,,,,
190,222,492,,,,,,
191,224,244,,,,,,
116,308,261,,,,,,
150,308,261,,,,,,
59,228,269,,,,,,
150,230,271,,,,,,
139,232,328,,,,,,
140,413,324,,,,,,
141,341,111,,,,,,
119,365,306,,,,,,
114,372,528,,,,,,
220,344,269,,,,,,
205,230,421,,,,,,
220,290,604,,,,,,
163,295,394,,,,,,
244,298,324,,,,,,
135,276,323,,,,,,
142,184,299,,,,,,
240,392,359,,,,,,
250,396,504,,,,,,
134,396,367,,,,,,
133,286,476,,,,,,
134,288,296,,,,,,
147,282,301,,,,,,
146,180,296,,,,,,
153,195,386,,,,,,
153,214,350,,,,,,
146,281,245,,,,,,
124,274,490,,,,,,
125,366,315,,,,,,
127,248,323,,,,,,
218,226,636,,,,,,
219,256,588,,,,,,
126,147,315,,,,,,
116,150,316,,,,,,
101,151,318,,,,,,
90,72,232,,,,,,
129,369,444,,,,,,
133,707,451,,,,,,
160,699,511,,,,,,
166,210,259,,,,,,
167,212,259,,,,,,
374,218,260,,,,,,
72,444,238,,,,,,
162,265,235,,,,,,
164,242,306,,,,,,
166,243,291,,,,,,
152,270,417,,,,,,
146,286,460,,,,,,
129,406,227,,,,,,
130,239,262,,,,,,
242,239,906,,,,,,
153,210,315,,,,,,
273,365,298,,,,,,
172,378,599,,,,,,
295,283,321,,,,,,
439,352,241,,,,,,
143,332,243,,,,,,
153,332,432,,,,,,
264,333,269,,,,,,
264,288,270,,,,,,
265,280,267,,,,,,
176,273,480,,,,,,
178,337,482,,,,,,
180,337,473,,,,,,
273,338,663,,,,,,
275,213,627,,,,,,
85,229,609,,,,,,
217,221,295,,,,,,
217,219,426,,,,,,
190,356,422,,,,,,
241,358,328,,,,,,
261,360,717,,,,,,
320,267,464,,,,,,
347,279,439,,,,,,
230,279,450,,,,,,
169,382,326,,,,,,
171,384,329,,,,,,
245,386,261,,,,,,
249,286,523,,,,,,
292,287,652,,,,,,
292,289,634,,,,,,
292,193,321,,,,,,
293,266,330,,,,,,
257,285,326,,,,,,
269,402,506,,,,,,
285,398,356,,,,,,
365,454,216,,,,,,
368,463,381,,,,,,
273,351,360,,,,,,
276,322,557,,,,,,
279,255,261,,,,,,
176,258,390,,,,,,
186,510,272,,,,,,
118,283,245,,,,,,
118,286,243,,,,,,
158,238,243,,,,,,
159,246,226,,,,,,
118,356,227,,,,,,
110,311,243,,,,,,
75,314,347,,,,,,
76,290,243,,,,,,
77,317,128,,,,,,
57,322,257,,,,,,
110,324,258,,,,,,
231,247,275,,,,,,
233,228,284,,,,,,
125,232,279,,,,,,
126,232,301,,,,,,
295,276,337,,,,,,
296,278,301,,,,,,
297,79,400,,,,,,
107,460,336,,,,,,
108,476,553,,,,,,
109,418,275,,,,,,
105,263,283,,,,,,
105,319,260,,,,,,
168,321,503,,,,,,
205,268,309,,,,,,
266,272,407,,,,,,
268,241,295,,,,,,
142,437,301,,,,,,
143,333,333,,,,,,
160,370,353,,,,,,
160,343,453,,,,,,
160,240,455,,,,,,
141,242,442,,,,,,
74,444,266,,,,,,
75,364,271,,,,,,
76,291,155,,,,,,
156,302,147,,,,,,
159,302,440,,,,,,
161,193,269,,,,,,
79,185,372,,,,,,
77,101,390,,,,,,
77,312,333,,,,,,
96,315,333,,,,,,
97,317,335,,,,,,
98,50,223,,,,,,
99,233,225,,,,,,
134,364,277,,,,,,
261,306,281,,,,,,
134,322,287,,,,,,
71,228,277,,,,,,
109,230,296,,,,,,
71,304,303,,,,,,
108,290,615,,,,,,
109,606,618,,,,,,
110,290,377,,,,,,
98,321,472,,,,,,
88,322,634,,,,,,
119,325,244,,,,,,
117,525,250,,,,,,
114,231,256,,,,,,
114,370,282,,,,,,
115,204,306,,,,,,
104,205,332,,,,,,
106,207,233,,,,,,
107,242,471,,,,,,
138,244,471,,,,,,
195,256,267,,,,,,
196,204,275,,,,,,
198,259,272,,,,,,
148,275,375,,,,,,
208,279,728,,,,,,
209,245,728,,,,,,
134,185,589,,,,,,
136,113,651,,,,,,
137,99,242,,,,,,
114,216,183,,,,,,
115,218,233,,,,,,
115,219,208,,,,,,
122,134,208,,,,,,
204,135,226,,,,,,
111,334,248,,,,,,
112,340,243,,,,,,
117,316,252,,,,,,
117,245,176,,,,,,
118,245,254,,,,,,
123,234,281,,,,,,
126,329,279,,,,,,
127,332,550,,,,,,
129,334,550,,,,,,
344,91,605,,,,,,
346,233,246,,,,,,
347,301,246,,,,,,
194,360,244,,,,,,
150,362,202,,,,,,
124,264,404,,,,,,
125,265,501,,,,,,
120,259,476,,,,,,
180,615,284,,,,,,
112,645,285,,,,,,
113,253,246,,,,,,
142,278,412,,,,,,
144,252,209,,,,,,
71,252,209,,,,,,
130,253,210,,,,,,
148,288,526,,,,,,
124,576,385,,,,,,
125,582,387,,,,,,
123,326,313,,,,,,
155,256,279,,,,,,
157,281,280,,,,,,
136,281,361,,,,,,
111,270,552,,,,,,
112,229,258,,,,,,
44,180,264,,,,,,
45,180,269,,,,,,
45,203,233,,,,,,
43,222,898,,,,,,
44,216,590,,,,,,
44,246,202,,,,,,
41,267,202,,,,,,
44,267,312,,,,,,
40,267,226,,,,,,
41,342,365,,,,,,
42,356,371,,,,,,
129,357,272,,,,,,
123,183,281,,,,,,
131,184,266,,,,,,
132,266,301,,,,,,
99,346,294,,,,,,
100,303,206,,,,,,
143,305,57,,,,,,
146,314,418,,,,,,
146,315,212,,,,,,
174,434,221,,,,,,
174,703,223,,,,,,
115,291,230,,,,,,
115,297,229,,,,,,
167,298,212,,,,,,
268,299,219,,,,,,
80,273,808,,,,,,
81,276,321,,,,,,
81,319,311,,,,,,
164,322,189,,,,,,
167,294,196,,,,,,
119,294,633,,,,,,
121,431,568,,,,,,
116,431,528,,,,,,
109,433,882,,,,,,
109,243,263,,,,,,
162,244,257,,,,,,
166,245,229,,,,,,
287,238,220,,,,,,
279,239,221,,,,,,
281,241,572,,,,,,
72,274,322,,,,,,
72,275,330,,,,,,
92,296,325,,,,,,
92,310,163,,,,,,
92,229,238,,,,,,
206,231,213,,,,,,
185,342,229,,,,,,
183,247,232,,,,,,
101,248,248,,,,,,
101,233,256,,,,,,
142,246,262,,,,,,
142,253,440,,,,,,
142,513,455,,,,,,
254,556,458,,,,,,
93,150,295,,,,,,
156,283,322,,,,,,
157,308,333,,,,,,
189,351,335,,,,,,
192,351,264,,,,,,
194,351,269,,,,,,
70,225,256,,,,,,
72,227,268,,,,,,
72,221,252,,,,,,
87,312,435,,,,,,
90,315,452,,,,,,
124,317,452,,,,,,
127,273,482,,,,,,
128,264,484,,,,,,
101,224,475,,,,,,
109,173,251,,,,,,
119,221,209,,,,,,
102,305,216,,,,,,
111,289,216,,,,,,
248,279,252,,,,,,
250,252,259,,,,,,
258,218,271,,,,,,
71,213,261,,,,,,
118,225,263,,,,,,
119,282,275,,,,,,
108,292,197,,,,,,
105,298,298,,,,,,
106,303,298,,,,,,
44,304,295,,,,,,
45,263,209,,,,,,
45,267,266,,,,,,
102,268,276,,,,,,
124,297,271,,,,,,
126,289,270,,,,,,
127,260,277,,,,,,
179,305,278,,,,,,
181,248,270,,,,,,
183,246,270,,,,,,
105,238,279,,,,,,
165,232,201,,,,,,
311,234,259,,,,,,
128,443,306,,,,,,
93,445,315,,,,,,
97,447,312,,,,,,
98,351,186,,,,,,
99,177,192,,,,,,
128,349,196,,,,,,
128,349,201,,,,,,
149,350,280,,,,,,
150,357,285,,,,,,
151,359,267,,,,,,
137,361,214,,,,,,
144,245,219,,,,,,
144,248,209,,,,,,
144,263,210,,,,,,
126,263,699,,,,,,
189,269,618,,,,,,
190,299,621,,,,,,
191,294,205,,,,,,
122,322,225,,,,,,
123,340,232,,,,,,
106,340,230,,,,,,
120,322,249,,,,,,
122,327,254,,,,,,
123,328,251,,,,,,
124,466,192,,,,,,
308,466,198,,,,,,
301,265,269,,,,,,
289,211,276,,,,,,
126,213,272,,,,,,
130,214,313,,,,,,
133,243,319,,,,,,
154,244,316,,,,,,
121,251,260,,,,,,
155,254,260,,,,,,
109,233,236,,,,,,
128,340,201,,,,,,
131,343,206,,,,,,
132,289,162,,,,,,
103,270,222,,,,,,
360,270,266,,,,,,
164,294,266,,,,,,
165,216,263,,,,,,
166,222,307,,,,,,
192,225,314,,,,,,
193,172,316,,,,,,
195,209,303,,,,,,
191,264,267,,,,,,
191,267,252,,,,,,
146,269,246,,,,,,
148,248,265,,,,,,
150,356,266,,,,,,
174,365,262,,,,,,
138,368,276,,,,,,
138,479,276,,,,,,
83,302,273,,,,,,
143,299,261,,,,,,
146,300,269,,,,,,
148,249,269,,,,,,
163,250,279,,,,,,
167,247,285,,,,,,
168,237,229,,,,,,
147,239,308,,,,,,
148,224,310,,,,,,
87,230,236,,,,,,
79,231,253,,,,,,
80,382,258,,,,,,
81,397,255,,,,,,
260,543,218,,,,,,
262,741,261,,,,,,
359,309,265,,,,,,
362,312,260,,,,,,
115,349,282,,,,,,
158,307,291,,,,,,
137,269,288,,,,,,
138,161,341,,,,,,
131,225,229,,,,,,
129,239,234,,,,,,
167,393,234,,,,,,
135,403,585,,,,,,
125,516,530,,,,,,
119,186,361,,,,,,
189,174,220,,,,,,
198,292,206,,,,,,
201,295,243,,,,,,
327,292,245,,,,,,
105,304,242,,,,,,
474,301,337,,,,,,
139,300,237,,,,,,
121,315,243,,,,,,
125,334,295,,,,,,
126,336,249,,,,,,
112,374,257,,,,,,
112,376,258,,,,,,
113,313,367,,,,,,
107,317,357,,,,,,
232,262,710,,,,,,
234,281,231,,,,,,
145,493,238,,,,,,
129,533,239,,,,,,
166,285,240,,,,,,
191,252,232,,,,,,
192,273,239,,,,,,
196,299,239,,,,,,
161,276,373,,,,,,
106,252,886,,,,,,
107,204,770,,,,,,
108,256,297,,,,,,
157,235,391,,,,,,
150,237,372,,,,,,
170,262,373,,,,,,
157,277,212,,,,,,
159,220,283,,,,,,
195,256,279,,,,,,
198,298,285,,,,,,
200,299,185,,,,,,
184,302,191,,,,,,
192,160,193,,,,,,
225,175,196,,,,,,
227,118,304,,,,,,
231,294,307,,,,,,
123,274,302,,,,,,
127,353,261,,,,,,
128,278,269,,,,,,
173,281,269,,,,,,
112,566,305,,,,,,
130,275,356,,,,,,
136,502,420,,,,,,
239,385,209,,,,,,
71,352,313,,,,,,
72,286,135,,,,,,
125,278,373,,,,,,
125,257,249,,,,,,
126,246,256,,,,,,
116,53,254,,,,,,
259,202,218,,,,,,
261,99,344,,,,,,
264,282,210,,,,,,
134,206,211,,,,,,
117,207,204,,,,,,
159,202,214,,,,,,
159,226,195,,,,,,
155,228,238,,,,,,
83,280,220,,,,,,
84,282,223,,,,,,
83,269,223,,,,,,
100,354,244,,,,,,
106,358,231,,,,,,
173,360,228,,,,,,
175,249,201,,,,,,
147,308,307,,,,,,
171,313,225,,,,,,
172,316,173,,,,,,
132,219,217,,,,,,
131,210,221,,,,,,
104,211,230,,,,,,
367,273,244,,,,,,
369,273,244,,,,,,
53,274,242,,,,,,
54,264,212,,,,,,
108,266,218,,,,,,
149,161,221,,,,,,
144,239,633,,,,,,
146,188,633,,,,,,
131,359,636,,,,,,
134,359,242,,,,,,
186,360,242,,,,,,
235,276,243,,,,,,
129,232,348,,,,,,
120,234,350,,,,,,
84,230,219,,,,,,
73,244,222,,,,,,
183,227,243,,,,,,
184,191,416,,,,,,
123,226,384,,,,,,
186,285,207,,,,,,
181,272,210,,,,,,
196,272,211,,,,,,
113,274,219,,,,,,
113,240,281,,,,,,
229,240,281,,,,,,
232,241,286,,,,,,
176,245,283,,,,,,
198,687,539,,,,,,
200,297,309,,,,,,
155,298,303,,,,,,
155,268,210,,,,,,
155,241,217,,,,,,
115,242,218,,,,,,
82,281,201,,,,,,
130,285,206,,,,,,
132,288,792,,,,,,
59,290,816,,,,,,
190,283,253,,,,,,
160,286,249,,,,,,
162,287,234,,,,,,
164,265,571,,,,,,
153,277,240,,,,,,
122,211,247,,,,,,
123,211,243,,,,,,
113,203,825,,,,,,
117,234,899,,,,,,
118,306,234,,,,,,
119,324,246,,,,,,
123,343,246,,,,,,
88,345,247,,,,,,
125,347,257,,,,,,
130,257,694,,,,,,
132,286,210,,,,,,
191,331,213,,,,,,
186,312,218,,,,,,
757,248,251,,,,,,
757,241,257,,,,,,
132,234,255,,,,,,
137,335,316,,,,,,
136,335,325,,,,,,
139,337,322,,,,,,
41,349,377,,,,,,
41,352,289,,,,,,
42,354,239,,,,,,
196,571,244,,,,,,
132,577,244,,,,,,
168,348,363,,,,,,
169,214,380,,,,,,
115,221,222,,,,,,
117,273,223,,,,,,
157,240,265,,,,,,
159,244,264,,,,,,
160,245,265,,,,,,
157,575,289,,,,,,
122,731,290,,,,,,
123,757,264,,,,,,
160,658,296,,,,,,
161,261,302,,,,,,
162,367,302,,,,,,
110,378,217,,,,,,
111,325,212,,,,,,
87,270,209,,,,,,
122,270,294,,,,,,
123,272,297,,,,,,
116,241,291,,,,,,
175,227,275,,,,,,
130,229,275,,,,,,
444,357,275,,,,,,
128,417,208,,,,,,
306,441,212,,,,,,
158,723,213,,,,,,
160,282,294,,,,,,
165,300,289,,,,,,
166,300,239,,,,,,
168,343,840,,,,,,
102,340,616,,,,,,
104,251,285,,,,,,
105,242,557,,,,,,
102,228,579,,,,,,
145,310,347,,,,,,
146,328,363,,,,,,
148,341,440,,,,,,
55,424,244,,,,,,
60,272,245,,,,,,
43,277,262,,,,,,
43,278,236,,,,,,
165,278,329,,,,,,
168,273,333,,,,,,
210,274,326,,,,,,
212,313,247,,,,,,
143,318,236,,,,,,
145,321,244,,,,,,
157,241,248,,,,,,
158,244,353,,,,,,
132,244,223,,,,,,
133,256,225,,,,,,
134,262,223,,,,,,
205,264,209,,,,,,
136,290,214,,,,,,
111,289,288,,,,,,
167,289,267,,,,,,
168,401,267,,,,,,
170,401,266,,,,,,
171,407,313,,,,,,
143,339,319,,,,,,
144,342,316,,,,,,
258,342,257,,,,,,
261,362,451,,,,,,
168,344,234,,,,,,
168,239,302,,,,,,
108,264,233,,,,,,
109,258,231,,,,,,
110,326,129,,,,,,
130,323,510,,,,,,
123,324,267,,,,,,
409,240,275,,,,,,
